from_stop_id,to_stop_id,distance_km,route_id
0,1,0.158384,859
0,1649,0.148732,859
0,2,0.397553,681
0,271,0.566100,9
1,2,0.241205,859
1,3102,0.199885,626
10,11,0.606322,68
10,1596,0.400117,68
10,1650,0.663463,631
10,9,0.547096,631
100,101,0.395502,1212
100,99,0.591939,1212
1000,1001,0.166722,148
1000,2149,0.617142,1264
1000,998,0.923832,289
1000,999,0.536879,148
1001,1002,0.572116,148
1001,1003,1.005559,289
1001,2147,0.048169,509
1002,1003,0.441386,148
1002,1944,0.961952,885
1002,3924,0.341515,906
1003,1004,0.252799,727
1003,1944,0.532665,148
1003,1945,1.255630,541
1003,3924,0.782658,764
1004,1005,0.601827,611
1004,2144,0.313807,611
1004,3802,0.943545,754
1005,1006,0.515729,611
1006,1007,0.331394,611
1007,2739,0.379193,608
1007,3917,0.561925,754
1008,1009,0.407996,385
1008,2828,0.624693,385
1008,2829,0.384233,185
1009,1010,0.291225,1083
1009,3519,0.302518,385
101,102,0.254784,1212
1010,1011,0.480302,38
1010,3520,0.507811,1083
1010,4186,0.486304,1111
1010,4197,0.253412,1111
1011,1012,0.296163,38
1011,4186,0.232172,1079
1012,1013,0.299637,38
1012,2396,0.498209,1079
1013,1014,0.394503,38
1014,1015,0.294923,38
1015,1016,0.281591,38
1016,1017,0.397932,924
1016,1068,0.485450,924
1016,1809,0.381910,348
1017,1018,0.447220,924
1018,1019,0.646099,924
1019,1020,0.451395,924
102,103,0.262181,1212
102,1312,0.295403,98
102,1914,0.214344,735
102,2924,0.312777,984
1020,1021,0.518078,924
1021,1022,0.959030,38
1021,1405,0.505276,924
1021,1712,0.400360,81
1022,1023,1.006555,128
1022,1403,0.613317,1130
1022,1711,0.831109,128
1022,2108,0.845401,1151
1022,2975,0.048577,208
1023,1024,0.472583,128
1023,1504,1.428819,1159
1023,1816,0.686315,1159
1023,2975,0.958647,208
1024,1025,0.534820,208
1024,2109,0.771393,773
1024,2391,0.615379,128
1024,2823,0.775091,1151
1024,3358,0.790017,320
1025,1026,0.467133,208
1026,1027,0.625059,38
1026,2976,0.786300,208
1027,1028,1.080359,337
1027,2720,0.899237,307
1027,3325,0.561934,337
1028,1029,0.321274,337
1029,1030,0.360841,337
103,1313,0.784213,124
103,2367,0.419144,124
103,2899,0.216277,559
1030,1031,0.645675,38
1030,3391,0.474368,337
1031,1032,0.541122,38
1031,2450,0.633723,229
1031,3086,0.312567,229
1032,1033,1.213132,38
1032,3391,0.713434,337
1032,3392,0.493911,337
1033,1034,0.380070,128
1033,1558,1.328383,128
1033,1776,0.572860,408
1033,2342,0.934088,1064
1033,2879,1.015016,632
1033,4181,1.323007,1053
1033,828,0.082747,739
1033,964,0.294388,1064
1033,965,1.069784,371
1034,1035,0.171089,128
1034,742,0.220171,371
1035,1036,0.220400,211
1035,1243,0.217213,128
1035,1276,0.292221,1258
1035,2102,0.281448,119
1035,3159,0.260470,1064
1035,741,0.042328,119
1035,962,0.413269,211
1035,963,0.211048,311
1035,964,0.247782,1064
1036,1641,1.033532,211
1038,1039,0.617270,769
1038,2013,1.682262,494
1038,3284,0.708636,839
1038,3724,0.544933,768
1038,3989,0.131305,799
1038,531,0.638147,331
1038,532,0.277395,331
1039,1040,0.615696,1188
1039,2216,1.676604,1188
104,105,0.572844,404
104,3534,0.459290,404
1040,1041,0.513024,1188
1041,1042,1.021728,1188
1041,3904,0.419303,768
1042,1043,0.841575,1188
1042,3662,0.845208,494
1042,3904,0.623066,768
1043,1044,1.298396,1188
1043,1465,0.205464,1199
1043,2464,1.650329,769
1043,721,0.242557,344
1043,722,1.403868,344
1044,1045,1.073113,1188
1045,1046,0.582942,1188
1045,2464,0.721768,769
1046,1047,0.751381,1188
1047,1048,0.596865,1188
1047,2465,0.607624,421
1048,1049,0.782965,1188
1048,4335,0.785360,769
1049,1050,0.912173,1188
1049,2465,0.770775,421
105,106,0.362081,404
1050,1051,1.410437,1188
1050,2372,1.072986,769
1050,4335,0.909414,769
1051,1052,0.445369,1151
1051,191,0.881692,995
1051,2371,0.314903,164
1051,2372,0.337452,1151
1052,1053,0.373839,1151
1052,2372,0.782817,126
1053,1054,0.444765,924
1053,2105,0.920635,1151
1054,1055,0.360369,768
1054,1717,0.414359,249
1054,2373,0.705759,924
1054,3056,1.218550,249
1054,4135,0.573621,999
1055,1056,0.265785,768
1055,3042,0.292269,1191
1055,3974,0.257031,1191
1056,1057,0.381629,768
1057,1058,0.480272,1121
1057,2374,0.270185,1121
1058,1059,0.310783,1121
1059,1060,0.189031,40
1059,2375,0.246040,126
1059,2827,0.197157,768
1059,3603,0.153094,1121
106,24,0.906890,404
106,25,0.792715,1093
1060,1061,0.275713,40
1060,2203,0.269709,1225
1060,2375,0.166192,564
1060,2974,0.333872,564
1060,3603,0.205804,1130
1061,1062,0.396414,334
1061,1063,0.500896,768
1061,2827,0.282508,334
1062,1063,0.187768,40
1062,2407,0.154165,652
1063,1064,0.264468,460
1063,1224,0.326556,460
1064,1065,0.518167,460
1065,1066,0.545152,460
1065,1395,0.246548,57
1065,1396,0.367075,768
1066,1067,0.441514,460
1067,1068,0.757515,460
1068,850,0.834307,460
1069,3098,0.647569,1248
1069,3387,0.640963,337
1069,3406,0.360623,1191
1069,3407,0.518305,1191
1069,4214,0.783864,1141
1069,864,0.579811,40
1069,866,0.365455,337
107,2291,0.584538,825
107,2972,0.247905,1254
107,44,0.564941,859
107,46,0.412177,825
107,936,0.120974,590
1070,1071,0.175512,41
1071,1072,0.324655,41
1071,1073,0.459694,809
1071,1565,0.451731,609
1071,1566,0.435088,905
1071,3203,0.633024,756
1071,4048,0.503453,905
1072,1073,0.135069,41
1072,1075,0.482609,609
1073,1074,0.201467,41
1074,1075,0.146122,41
1075,1076,0.329755,41
1076,1077,0.114928,41
1076,1078,0.221488,609
1076,1079,0.873079,756
1076,4012,0.382340,809
1077,1078,0.106565,41
1078,1079,0.651599,41
1079,1080,0.313112,128
1079,1570,0.667742,128
108,109,0.136281,667
108,299,0.706108,147
108,300,0.438610,328
108,4283,0.462593,1008
108,4333,0.462593,667
108,47,1.045620,533
108,48,0.462593,452
108,668,0.201453,601
108,787,1.353227,1221
108,788,0.272135,311
1080,1081,0.390763,128
1080,1701,0.560560,690
1081,1082,0.106631,128
1081,1517,0.753602,385
1081,3244,0.890982,1135
1081,467,0.117069,135
1082,1083,0.395780,128
1082,320,1.076870,444
1082,3521,1.159934,385
1083,1084,0.729250,128
1084,1085,0.285466,128
1085,1086,0.240843,128
1086,1087,0.426977,128
1087,1088,0.267178,128
1088,1089,0.438962,609
1088,337,0.197888,128
1088,3383,0.713413,943
1089,1090,0.217721,1188
1089,2467,0.753202,1188
1089,458,1.092715,126
1089,459,0.408553,1016
109,110,0.688312,667
109,3567,0.391541,825
1090,1091,0.589002,1016
1090,1408,1.325574,1188
1090,1791,0.584392,386
1090,2629,0.995642,583
1090,323,0.625916,732
1090,458,1.244102,1160
1091,322,0.278042,339
1091,324,1.222616,1016
1091,4281,0.278042,66
1092,1093,0.493325,70
1092,2716,0.553130,1016
1092,327,1.263981,70
1092,344,0.619333,135
1093,347,0.405258,70
1094,1095,0.459724,857
1094,2922,0.824655,898
1094,571,1.332150,898
1094,572,1.202539,637
1095,1096,1.172940,42
1095,1172,1.176167,857
1096,1097,2.451016,42
1096,1683,0.583232,329
1096,2763,0.576570,1076
1096,3370,1.824823,637
1097,4101,1.037070,894
1098,3857,0.586053,648
1098,625,0.474255,648
1099,1100,0.384037,421
1099,2072,0.468513,421
1099,2073,0.403183,99
11,12,0.250824,68
11,13,0.541847,681
11,269,0.368085,9
110,111,0.756156,452
110,2293,0.204537,825
110,2906,1.036519,1001
110,3399,0.414208,667
110,3614,0.808623,459
110,957,0.476439,1221
1100,1101,0.311499,53
1100,2309,0.334155,733
1101,1102,0.403060,53
1102,1103,0.290596,53
1103,1104,0.458848,53
1104,1105,0.456131,53
1105,719,0.234626,714
1105,720,0.547059,714
1107,2993,0.353328,497
1107,2994,0.263450,497
1107,726,0.233492,53
1107,728,0.314035,53
1108,733,0.468214,483
1108,735,0.689108,483
1109,1110,0.188529,229
1109,2709,0.440087,166
1109,2877,0.264334,483
1109,737,0.448401,483
111,1480,0.987914,634
111,1920,21.130855,906
111,2293,0.636557,825
111,2362,21.146053,634
111,359,1.072624,52
1110,1111,0.303580,229
1111,2014,0.265295,229
1111,2710,0.691485,340
1112,1113,0.504901,1188
1112,2649,0.590873,1188
1113,1114,0.591470,583
1113,134,0.518371,994
1113,1851,0.585301,444
1113,1852,1.008979,1188
1113,2436,0.874428,347
1113,443,0.080751,1052
1114,1115,0.901150,483
1114,1295,0.610145,483
1114,1679,0.375566,328
1114,4296,0.592040,1266
1115,1116,1.611500,483
1115,1296,1.698365,53
1115,4161,1.060693,1041
1116,1117,0.332148,483
1116,131,0.252304,312
1117,1118,0.919916,483
1118,1119,0.236988,483
1119,1120,0.347884,237
1119,2187,0.370263,312
1119,2880,0.404951,483
1119,3327,0.195141,692
1119,3964,0.381974,1263
112,113,0.350216,279
112,3626,0.266583,464
112,59,0.362392,564
112,60,1.254929,520
112,778,1.270050,449
1120,1121,0.286094,609
1120,1415,0.377685,609
1121,1122,0.390580,609
1122,1123,0.150174,609
1123,1124,0.207688,609
1124,1125,0.420334,609
1125,1126,0.410539,609
1126,1127,0.616912,609
1127,1128,0.378213,328
1127,3368,0.549279,328
1128,1129,0.338488,328
1129,1130,0.432853,328
1129,3634,0.208223,609
113,114,0.429632,279
113,3058,0.346436,227
113,3613,0.451077,459
113,778,1.616565,1257
113,779,0.864615,1014
113,780,1.381652,1257
1130,1131,0.557703,372
1130,3489,0.215777,372
1131,1132,0.460203,372
1131,4273,0.573493,237
1132,1133,0.600432,689
1132,2385,0.440064,372
1133,1134,0.217112,372
1133,2385,0.175515,372
1133,4276,0.227652,237
1134,1135,0.588756,372
1134,2385,0.345555,126
1135,1136,0.423211,372
1136,1137,0.434335,372
1137,1138,0.601014,237
1137,1826,0.344370,656
1137,2386,0.487707,372
1138,1825,0.314120,473
1139,1140,1.334395,1002
1139,2329,1.198610,665
1139,3651,1.333236,616
114,115,0.312644,181
114,58,0.451731,181
1140,1141,1.270060,1002
1141,1142,1.477471,1002
1142,1143,0.581660,1002
1142,1918,1.862581,789
1143,1144,1.274716,1002
1144,21,1.467440,1002
1145,1146,0.377119,1027
1145,1147,0.618541,157
1145,21,0.659128,157
1146,1147,0.241452,1027
1147,1148,0.160496,157
1147,1149,0.453358,1027
1147,1312,0.171133,1240
1148,1149,0.300179,157
1148,1912,0.817664,764
1148,1914,0.410389,764
1149,1150,0.216726,157
1149,2367,0.250790,1182
115,116,0.247939,181
1150,1151,0.373077,157
1151,1152,0.593634,157
1151,1153,1.258404,830
1152,1153,0.677726,157
1153,1154,0.598796,157
1154,1155,1.610288,157
1154,3027,1.576889,222
1155,1156,1.078180,157
1156,1157,0.574608,157
1157,1158,1.283165,157
1157,3031,0.451462,222
1158,1159,0.356890,157
1158,2069,0.383719,222
1158,420,0.386280,193
1159,1160,0.479795,822
1159,1985,0.498996,93
1159,2604,0.363712,355
1159,419,0.520497,845
1159,88,0.485337,822
116,117,0.346646,181
1160,1161,0.861426,822
1160,2017,0.510707,1048
1160,2018,0.167220,94
1161,1162,0.415034,822
1161,2018,0.695391,94
1161,417,0.403339,651
1161,419,0.825677,651
1161,973,1.143427,94
1162,1163,0.349758,822
1163,1235,0.353818,1048
1163,417,0.360017,651
1163,973,0.381340,822
1164,2538,0.279878,145
1164,2991,0.206119,209
1165,149,0.278064,870
1165,233,0.372076,1143
1165,3568,0.354546,425
1165,489,0.365490,898
1165,660,0.570474,1143
1165,914,0.344374,241
1166,1167,0.792851,516
1166,1966,1.962416,1200
1166,493,0.776728,516
1167,1168,1.282075,516
1167,1169,1.871052,703
1168,1169,0.589092,793
1168,1246,0.588270,516
1168,4240,0.303315,1200
1169,1170,1.224780,793
1169,2027,0.440267,226
117,118,0.341710,181
1170,1171,0.720801,793
1171,1172,1.847333,46
1171,3707,0.343404,793
1172,1173,1.203403,894
1172,1683,0.561632,894
1172,2160,2.431896,106
1172,2763,0.554779,857
1173,1174,0.439697,894
1174,1175,1.199438,46
1174,1965,1.321250,894
1174,3026,1.344926,220
1174,4100,0.783147,893
1175,1965,0.138266,1061
1176,1177,0.735631,47
1176,1751,0.734093,858
1177,1178,0.330988,810
1177,1767,0.305974,742
1177,1892,0.518247,742
1178,1179,0.633462,810
1178,2548,0.242588,1263
1179,1180,0.180028,810
118,119,0.378172,181
1180,1181,0.431858,810
1181,1182,0.310564,810
1182,1183,0.584505,810
1183,1184,0.423508,790
1183,2694,0.333782,810
1184,2799,0.253211,459
1184,2800,0.572089,1208
1185,1951,0.505265,962
1185,300,0.408682,962
1185,4283,0.402641,86
1185,4333,0.402641,667
1185,48,0.402641,737
1185,669,0.289657,1137
1186,1187,0.298319,68
1186,3441,0.500317,837
1186,675,0.307340,68
1187,1188,0.522207,634
1187,3441,0.631005,628
1187,675,0.604740,634
1188,1189,0.242144,634
1188,3849,0.255514,628
1189,1190,0.661136,634
119,120,0.247955,181
1190,1191,0.262659,634
1191,1192,0.286391,634
1192,1193,0.286389,634
1192,2738,0.688352,1094
1193,239,0.789270,1094
1193,3101,0.845204,634
1194,1195,0.544720,68
1194,251,0.920863,68
1195,1196,0.468159,68
1196,1197,1.262718,68
1196,1198,1.668564,947
1197,1198,0.405847,68
1198,1199,0.864388,109
1198,765,0.607787,68
1199,1200,2.091833,556
1199,765,0.531001,556
12,13,0.291075,68
120,121,0.284147,181
1200,1201,0.660913,556
1201,1202,0.678278,556
1202,1203,0.492779,556
1202,2205,1.408683,109
1202,3186,0.436961,527
1203,1204,0.557694,556
1203,3604,1.096185,844
1204,1205,0.333595,556
1205,1206,1.228374,556
1205,2594,0.399202,1057
1206,1207,1.638539,48
1206,3400,0.456839,556
1208,1209,0.782438,460
1208,1210,1.284402,1053
1208,1658,0.250913,1121
1208,511,0.580204,1121
1209,1210,0.516670,460
1209,1658,0.597371,1124
121,122,0.247584,181
1210,1211,0.597541,1121
1210,1659,0.510731,1121
1211,1212,0.722315,1121
1212,1213,0.836845,1121
1212,1660,0.981449,72
1213,1214,0.909427,1121
1213,2064,0.864327,97
1214,1215,0.630152,1121
1215,1216,0.309295,1121
1215,1690,0.482919,97
1216,1217,1.058850,1121
1217,1218,0.548968,1121
1217,1264,1.177706,704
1217,1265,0.652399,704
1218,1219,0.436202,1121
1218,1264,1.609858,416
1219,1220,0.752726,1130
1219,3040,0.847766,1121
122,123,0.485003,181
122,2812,0.691037,1134
1220,1221,0.984110,1130
1220,2625,0.925315,416
1220,3040,0.136888,1053
1221,1222,0.690257,460
1221,2373,0.800604,924
1221,3040,0.854406,460
1222,1223,0.338203,460
1223,1224,0.253895,460
1223,3735,0.573142,564
1224,2973,0.172097,564
1225,1226,0.275965,460
1225,4042,0.525290,833
1225,850,0.826026,460
1226,1227,0.241835,460
1226,1228,0.820814,833
1227,1228,0.578991,460
1228,1229,1.112325,49
1228,3619,0.587034,460
1229,1230,0.262379,460
1229,3493,0.389383,385
1229,3619,0.530142,460
1229,4043,0.411870,1141
123,124,0.364762,5
123,125,0.598800,279
123,1303,1.744036,181
123,2813,0.591649,228
123,3875,0.549170,664
1230,1231,0.311628,460
1230,4043,0.236504,833
1231,1232,0.245182,460
1232,1233,1.216268,460
1232,1517,1.373544,385
1233,1516,0.588682,720
1233,1802,0.143435,1007
1233,468,0.762194,49
1234,2859,0.460719,859
1234,2860,0.212383,859
1234,5,0.570506,406
1235,1236,0.778544,157
1235,3633,0.080078,1039
1235,414,0.489520,357
1235,416,0.368428,357
1235,974,0.488076,1048
1236,1237,0.947059,157
1236,3633,0.805656,1211
1236,971,0.945277,1211
1237,1238,0.421208,157
1238,1239,0.346309,825
1238,1240,1.004670,1211
1238,969,0.376562,1025
1238,971,0.427318,1211
1239,1240,0.658361,825
1239,969,0.038475,841
1239,970,0.369193,841
124,125,0.299569,5
124,3059,0.409185,1196
1240,1241,0.617800,1182
1240,2630,1.416625,825
1241,1242,0.595595,830
1241,2440,0.545607,1269
1241,2798,0.573246,1182
1243,1277,0.284877,267
1243,742,0.454869,51
1243,829,0.468053,849
1244,239,0.951526,68
1244,241,0.222848,68
1244,2610,0.588754,946
1244,3101,0.895627,602
1245,242,0.692160,1094
1245,243,0.535437,779
1245,245,0.237485,779
1245,3295,0.397683,1094
1246,1247,0.441797,516
1246,3371,1.252274,1250
1247,1248,0.455013,516
1247,1249,1.228641,1197
1248,1249,0.774790,516
1249,1250,0.625019,516
125,126,0.126015,279
125,1607,1.206471,917
125,3059,0.128368,312
125,3343,0.502525,312
1250,1251,0.541788,516
1251,1252,1.240756,516
1251,3139,1.129340,367
1252,1253,1.312965,516
1252,1254,2.284166,852
1253,1254,0.972233,516
1253,1255,1.542847,1130
1254,1255,0.630016,516
1255,1256,0.128803,1130
1255,1257,1.777432,516
1256,1257,1.650084,1130
1257,1258,1.056136,553
1257,1698,1.044019,175
1257,589,1.238439,516
1258,1698,0.204534,553
1258,1699,0.856546,529
1258,4003,1.486869,1197
1258,589,0.182672,843
1258,590,0.591345,220
1259,1260,0.809188,1130
1259,1261,1.826102,64
1259,2623,1.662669,235
1259,4129,1.818919,954
1259,590,0.475385,954
126,127,0.487891,733
126,2813,0.124755,733
1260,1261,1.022513,1114
1260,4342,0.809188,1114
1261,1262,1.077990,64
1261,2768,0.959405,1114
1261,4003,1.960546,1197
1262,1263,0.827818,64
1262,2101,0.622528,704
1262,3687,0.733998,954
1262,4129,1.077120,954
1263,1264,2.230194,64
1263,2101,0.209236,704
1263,3039,0.451369,225
1264,1265,1.823303,64
1264,2101,2.421912,775
1264,3745,1.083549,1069
1265,1266,0.478213,64
1266,1267,0.645897,64
1266,1268,1.161025,704
1267,1268,0.529091,64
1268,191,0.761064,64
1269,1270,1.754065,632
1269,191,1.012746,632
127,128,0.542073,733
127,3059,0.485544,312
1270,1271,1.009584,632
1271,1272,1.338081,632
1272,1273,0.611238,632
1273,1274,0.490668,632
1274,1275,0.372770,632
1275,3728,0.690770,646
1275,737,0.398878,632
1276,1277,0.358424,706
1276,740,1.019080,951
1276,741,0.250836,951
1276,963,0.501549,459
1276,964,0.478905,115
1277,741,0.108580,600
1277,742,0.185281,600
1278,1279,0.370359,53
1278,3085,0.178815,625
1278,732,0.346208,53
1279,1280,0.533511,53
1279,3085,0.491816,303
128,129,0.309730,733
128,4199,0.220162,1216
1280,1281,0.812659,53
1281,1282,0.889995,53
1282,1283,0.257182,53
1282,2711,0.506318,166
1283,1284,0.482738,53
1283,1287,0.752379,340
1283,1555,0.555231,64
1283,1556,1.061149,540
1283,1670,0.341925,704
1283,1671,0.098097,540
1283,2711,0.624929,340
1284,1285,0.289445,53
1284,1670,0.605159,987
1284,4027,0.251655,829
1284,874,0.299535,704
1285,1286,0.097571,53
1285,145,0.451460,829
1285,2790,0.182721,738
1286,1287,0.450695,53
1286,1556,0.536751,692
1286,1684,0.512511,1228
1286,1685,0.339803,787
1286,4298,0.512511,237
1286,874,0.108710,704
1287,1288,0.447969,53
1287,1556,0.311751,987
1288,1289,0.476725,53
1288,2016,0.433027,203
1289,3184,0.284215,342
1289,830,0.912802,53
1289,965,0.282485,203
129,1297,0.324091,139
129,1299,0.294868,139
129,130,0.348546,733
129,2339,0.159220,123
1290,1291,0.169367,483
1290,830,0.232332,483
1291,1292,0.385191,483
1291,3502,0.936182,640
1291,830,0.383144,593
1292,1293,0.612554,483
1292,3138,0.299886,237
1293,1294,0.524678,483
1293,137,0.376098,1041
1293,1676,0.799349,295
1293,2578,0.420351,1105
1294,1295,0.609882,483
1294,2586,0.216361,247
1294,353,0.400249,1105
1294,4296,0.626970,237
1295,2981,0.721865,564
1295,352,0.692142,802
1295,4023,0.725811,875
1295,443,0.520184,1219
1296,1297,0.531244,53
1296,1850,0.197061,879
1297,1298,0.330349,53
1298,1299,0.289009,53
1298,4199,0.108943,1122
1299,1300,0.525331,53
1299,2339,0.171638,580
13,14,0.980292,157
13,15,1.220351,1027
13,270,0.566674,68
130,131,0.395359,733
1300,1301,0.548276,53
1301,1302,0.124766,53
1302,1303,1.244269,53
1302,1954,0.212690,564
1302,3875,0.410742,879
1303,1304,0.299602,181
1303,2887,0.700572,295
1303,2891,0.518134,483
1304,1305,0.713688,483
1304,1306,0.827396,181
1304,3021,0.733841,372
1304,3022,0.867065,1071
1305,1306,0.123643,86
1305,1420,0.962233,775
1305,1605,0.112912,86
1305,3653,0.561898,756
1305,68,0.650534,742
1306,1420,1.078670,609
1306,3653,0.438278,583
1306,4024,0.581729,823
1306,68,0.542066,181
1307,1308,0.234568,954
1307,872,0.666597,954
1308,1309,0.748318,954
1309,1310,0.408970,954
131,132,1.789544,733
1310,1311,0.760459,954
1311,477,0.333384,954
1311,944,0.204712,54
1312,1313,0.756203,865
1312,2367,0.458008,865
1313,1314,0.623882,865
1314,1315,0.840247,865
1315,1316,0.491234,865
1315,1317,0.663812,405
1315,2368,0.692140,124
1316,1317,0.412674,596
1316,2368,0.201730,865
1317,1318,0.455444,596
1318,1319,0.784826,596
1319,1320,2.060395,596
132,133,0.839404,733
132,1849,1.810164,831
132,1850,1.606351,334
132,3480,1.069658,368
1320,1321,0.690268,596
1321,1322,0.338074,596
1321,2695,0.337178,167
1322,1323,0.693468,596
1323,1324,1.164499,1240
1323,2695,0.706612,167
1323,2713,0.382337,355
1323,3580,0.702059,865
1324,1325,0.249860,355
1324,2713,0.823536,355
1325,1326,1.171821,355
1326,1327,0.488720,355
1327,1328,0.693526,355
1328,1329,1.378262,1240
1328,2714,1.051460,355
1329,1330,0.453515,355
1329,2714,0.326946,355
133,134,0.878443,733
133,1851,0.593795,83
133,3066,0.772718,831
133,443,0.627629,313
1330,1331,0.991449,355
1331,1332,1.007335,55
1331,2600,0.289203,355
1332,1333,0.728927,55
1332,2905,0.984099,269
1332,3526,2.419045,439
1333,1334,1.765145,55
1334,1335,1.142722,55
1335,1336,0.882137,55
1336,1337,0.728202,55
1337,1338,0.417147,55
1338,1339,1.038314,55
1339,1340,1.296214,55
134,135,0.537098,733
134,2586,0.503469,279
134,2814,0.610411,334
134,3066,0.106285,368
134,4072,0.563345,868
134,4226,0.499352,1158
1340,1341,0.549778,222
1340,2758,1.222000,222
1340,3032,1.262071,1265
1340,84,1.264480,915
1341,1342,0.779037,1027
1341,3032,0.794214,222
1341,81,0.742937,1256
1341,83,0.549041,174
1342,1343,0.605820,588
1342,2759,1.360749,174
1342,3032,0.079025,588
1343,1344,1.017968,59
1343,4290,0.515565,118
1343,81,0.662883,59
1344,1345,0.643181,588
1344,1422,1.259767,59
1345,1346,1.144062,588
1345,1422,0.616597,1002
1345,1901,1.152131,1001
1346,1347,0.569087,825
1346,1422,0.527491,59
1346,2632,0.197836,825
1347,1348,0.494414,825
1347,1901,0.565393,1001
1348,1349,0.770730,825
1349,1350,0.538577,825
135,136,0.466223,733
135,2449,0.504118,836
135,3066,0.634118,831
135,352,0.276234,1064
1350,1423,0.567068,148
1350,3652,0.503948,825
1351,1737,1.730233,1073
1351,374,0.599263,1073
1351,375,1.425596,153
1351,69,1.798474,153
1351,71,0.616581,617
1351,919,1.302157,617
1352,1353,0.295308,977
1352,238,0.361518,977
1353,1354,0.758026,977
1354,1355,0.445974,977
1355,1356,0.609707,977
1355,3272,0.578952,292
1356,1357,0.524999,977
1356,2270,0.669439,574
1356,4312,0.524999,462
1357,1358,0.442029,977
1357,2034,0.640937,252
1357,2275,0.655317,185
1358,1359,0.249113,977
1359,1360,0.592432,56
1359,4131,0.334129,977
136,137,0.333433,836
136,2340,0.636895,733
1360,1361,0.317389,977
1360,2034,0.641724,252
1360,2036,0.312819,185
1360,2275,0.627439,185
1360,2276,0.326005,792
1360,4131,0.258305,977
1361,1362,0.279756,977
1362,1363,0.299486,977
1363,1364,0.407068,977
1364,1365,0.615745,977
1365,1366,0.476259,977
1365,2039,0.716688,185
1365,2041,0.466082,185
1366,1367,0.443334,977
1367,1368,0.421593,977
1367,2041,0.454634,1252
1367,2044,0.726566,574
1368,1369,0.318747,977
1368,2044,0.305023,1252
1369,1370,0.217045,977
137,138,0.425780,836
137,139,0.992577,240
137,1676,0.428109,1041
137,3894,0.424233,687
1370,1371,0.748768,977
1371,1372,0.228136,977
1372,1373,0.168590,977
1373,1374,0.412194,148
1373,1424,0.424753,148
1373,2047,0.136597,1252
1374,1375,0.599653,148
1375,1376,0.502065,148
1376,1377,0.500829,148
1377,1378,0.352770,148
1377,1425,0.634970,882
1378,1379,0.150083,148
1378,1425,0.282834,825
1378,2943,0.258006,1056
1379,1380,0.870004,209
1379,1492,0.206875,209
1379,2095,0.478118,979
1379,2350,1.098982,148
1379,4111,1.105362,922
138,139,0.566984,836
138,1447,0.158640,1133
138,3894,0.008370,687
1380,1381,0.373332,209
1380,4336,0.867360,917
1381,2986,0.930709,209
1382,1383,0.367411,333
1383,1384,0.242278,333
1383,370,2.564565,519
1384,1385,0.531503,333
1385,1386,0.493334,333
1386,1387,0.855268,333
1387,1388,0.358050,638
1387,3243,1.076943,638
1388,2996,1.676836,638
1388,370,1.690153,1096
1389,1390,1.818882,638
1389,2997,0.210661,1239
1389,364,1.828715,1239
1389,75,1.106002,638
139,140,0.435658,1118
139,141,0.894376,240
139,2254,1.131680,1146
139,2450,0.415265,836
1390,1391,1.894932,638
1391,1392,0.561515,638
1391,362,0.536140,14
1392,1393,0.424418,261
1392,3143,0.727361,595
1392,363,0.596097,261
1392,3674,0.436089,512
1393,560,0.615017,261
1394,567,0.397413,261
1394,568,1.001849,261
1395,1396,0.159500,57
1396,1397,0.358320,768
1397,1398,0.318089,768
1398,1399,0.348706,768
1399,1400,0.294208,768
14,15,0.267946,157
140,141,0.460491,1118
1400,1401,0.454926,768
1401,1402,0.402695,768
1402,3955,0.461158,768
1403,1404,0.339742,652
1403,1816,0.582497,81
1403,2957,0.502418,1135
1404,842,0.322026,652
1405,1406,0.554114,1121
1405,1407,0.798506,1160
1405,2108,0.788503,1121
1405,843,0.562138,1267
1406,1407,0.244394,1121
1407,2421,0.569918,564
1407,4035,0.553505,833
1407,456,1.026126,1121
1408,1409,0.529902,879
1408,2629,0.331038,879
1409,1410,0.940512,879
1409,1411,1.275274,583
141,142,0.333633,1118
141,1445,1.458751,1159
141,2255,1.026715,1159
141,2450,0.531137,836
141,2451,0.256148,836
1410,1411,0.371133,879
1410,1412,2.172922,1152
1410,2646,1.469155,1018
1410,449,3.431332,1089
1411,1412,1.919410,879
1411,2646,1.098065,1188
1412,1413,0.534869,879
1412,1415,1.901012,385
1412,4225,0.985065,1152
1413,1414,0.999645,609
1413,1415,1.384011,879
1414,1415,0.388950,609
1414,4225,0.563774,1152
1415,1416,1.205500,775
1415,1847,0.461417,879
1415,3327,0.581915,385
1416,1417,0.486216,775
1417,1418,1.247646,775
1418,1419,0.657749,58
1418,2962,0.295990,659
1418,3299,0.531871,659
1418,3966,0.651730,775
1419,1420,0.218780,473
1419,3636,0.895390,473
142,143,0.297679,672
142,2254,0.724426,935
142,2324,0.377485,128
142,2394,0.277909,128
1420,1606,0.660094,473
1420,3966,0.221058,775
1423,1424,0.428932,148
1423,3652,0.064090,882
1424,2153,0.316472,516
1424,3652,0.491857,825
1425,1426,0.493363,825
1425,2095,0.427909,100
1425,2152,1.119736,1261
1425,2545,1.065871,452
1426,1427,0.495017,825
1427,1428,0.573571,825
1428,1429,0.336556,825
1428,1488,0.323125,845
1428,1490,0.601232,845
1429,1430,0.541361,825
143,144,0.245598,672
143,2324,0.671329,1162
143,2790,0.356127,179
1430,1431,0.328429,825
1430,2427,0.525339,131
1431,1432,0.414278,825
1432,1433,0.353208,825
1433,1434,0.315855,825
1434,1435,0.554502,977
1434,1856,0.775089,145
1434,2277,0.902615,825
1434,3724,0.580568,823
1434,4266,0.565909,1256
1435,1436,0.561998,977
1435,804,0.398557,596
1436,3234,0.561624,319
1436,3285,0.536837,289
1436,3775,0.557312,581
1436,3887,1.513356,683
1436,532,1.301131,289
1436,533,0.690224,319
1436,534,1.098045,977
1436,804,0.802662,598
1437,1438,0.689156,319
1437,2009,0.380357,822
1437,3644,0.367400,479
1437,4059,0.129012,1150
1437,535,0.353560,319
1438,1439,0.376655,319
1438,1440,0.625852,355
1438,4059,0.560165,1150
1438,4346,0.689156,1224
1438,687,1.462952,946
1439,1440,0.249544,319
144,145,0.514157,672
144,874,0.197304,415
1440,1441,0.494040,319
1440,2610,1.368871,822
1441,1442,0.979992,319
1441,239,0.985535,979
1441,2610,0.905856,1006
1441,33,1.057861,1046
1441,3796,0.123462,759
1441,3942,0.269747,1006
1441,951,1.122863,355
1442,2214,0.355712,497
1442,2610,0.406297,978
1442,2919,0.248868,338
1443,1444,0.495502,60
1443,1445,1.307039,70
1443,347,0.177360,70
1444,1445,0.904514,60
1444,1781,0.692916,834
1444,1782,0.379386,840
1444,2718,0.726029,976
1444,2817,0.585390,378
1444,3762,0.099453,840
1445,1446,0.585757,70
1445,2978,1.103492,1159
1446,1447,0.159887,70
1447,1448,0.686710,70
1448,1449,0.796122,60
1448,1639,0.956432,70
1448,513,0.746898,1133
1448,965,0.739962,786
1449,1558,0.491925,540
1449,2341,1.044938,831
1449,2342,0.880849,581
1449,514,0.309645,540
1449,515,0.610995,831
1449,830,0.743816,917
145,2255,1.033906,1159
145,2790,0.356655,179
145,3986,0.596032,794
145,873,0.512536,1134
1451,1452,0.351113,337
1451,3220,0.180431,1143
1451,523,0.609197,337
1452,1453,0.520361,337
1453,1454,0.250029,337
1454,1455,0.431546,337
1455,1456,0.695215,337
1456,1457,0.411489,337
1457,1458,0.680740,337
1458,1459,0.357309,337
1459,1460,0.628019,337
146,147,0.199001,537
146,148,0.266592,1130
146,2032,0.278711,460
146,3886,0.296940,944
146,705,0.185236,676
1460,1461,0.419926,1031
1460,3348,0.476261,337
1461,1462,0.364899,1031
1461,724,0.484315,378
1462,1463,1.103037,733
1462,2995,0.638959,733
1463,1464,0.594663,733
1464,1465,1.291121,733
1465,1466,0.334250,733
1465,2304,0.371521,119
1465,3271,1.182979,283
1465,3662,0.198276,494
1465,4052,1.344646,1174
1466,1467,0.660189,916
1466,2305,0.637899,733
1467,1468,0.284841,916
1468,1469,0.300563,916
1469,1470,0.188871,916
1469,1471,0.395587,1143
147,148,0.107884,537
147,149,0.540140,819
1470,1471,0.207480,916
1471,1472,0.697149,916
1471,4156,0.873068,1031
1472,1473,0.249451,916
1472,3663,0.301085,494
1472,892,0.742108,211
1473,892,0.492669,916
1474,1475,0.303466,916
1474,714,0.400177,283
1474,894,0.457124,916
1475,1476,0.210119,916
1476,1477,0.496983,787
1476,2634,0.411010,916
1476,4318,0.411010,1062
1477,1478,0.458560,787
1477,2251,0.667623,979
1477,2252,0.229533,1200
1477,617,0.727914,269
1477,618,0.114021,535
1478,1479,0.327671,787
1478,4325,0.327671,535
1478,618,0.556845,1065
1478,900,0.493833,1200
1479,900,0.166186,787
1479,901,0.556552,60
148,149,0.442257,1130
148,2031,0.335944,185
148,233,0.535716,1193
148,234,0.308912,638
148,235,0.473701,185
148,3200,0.430971,304
148,4062,0.479354,118
148,4279,0.308912,1008
1480,1481,0.357359,634
1480,2906,0.703646,865
1481,3421,0.932832,837
1481,45,0.813871,634
1481,671,0.657783,209
1482,671,0.299874,1031
1482,790,0.542475,1031
1483,1484,0.242502,1014
1483,2216,0.722733,113
1483,532,0.650862,669
1483,804,0.948725,1014
1484,1485,0.328449,1014
1485,1486,0.288940,1014
1486,1487,0.687346,1014
1486,3490,0.785773,373
1487,1488,0.335076,1014
1488,1489,0.299211,1014
1489,1490,0.622390,1014
1489,4189,0.021584,1087
149,150,0.197247,460
149,2032,0.426855,460
149,2242,0.365867,113
149,3973,0.388492,778
149,487,0.335434,516
149,488,0.271227,516
1490,1491,0.489649,1014
1490,4189,0.640317,1087
1491,1492,0.435132,1014
1492,1493,0.320683,113
1492,1494,0.646779,1014
1492,2350,1.209236,651
1492,2944,0.503593,361
1492,4336,0.202599,917
1493,1494,0.326663,615
1493,2095,0.420668,948
1493,2152,1.166456,615
1493,4249,1.089294,1242
1494,1495,0.532190,1014
1495,1496,0.509644,1014
1496,1497,0.582489,1014
1496,1498,0.940708,170
1497,1498,0.358435,1014
1498,1499,0.427664,1014
1498,2153,0.164164,113
1498,4250,0.165827,1242
1499,1500,0.599710,1014
1499,2047,0.250762,185
15,16,0.395826,157
150,151,0.513165,460
150,233,0.483305,998
150,3200,0.207992,304
150,660,0.508632,998
1500,1501,0.474800,1014
1501,1898,0.619760,1212
1502,1503,0.288879,661
1502,2425,0.369452,1167
1502,330,0.207804,969
1502,332,0.542351,969
1502,449,0.535632,661
1503,1504,0.383878,62
1503,1505,0.938594,661
1503,2426,0.321423,337
1503,2823,0.479301,1167
1503,3323,0.473742,337
1504,1505,0.713427,62
1504,2111,0.796883,320
1504,3358,0.433689,320
1504,3586,0.407507,1159
1505,1506,0.425588,1045
1505,2822,0.314385,1045
1505,3049,0.452338,340
1505,839,1.998622,340
1506,1507,0.838301,939
1506,1787,0.847737,1045
1506,2111,0.347359,1151
1506,344,0.566851,707
1507,1508,0.307635,256
1507,2209,1.153315,489
1507,2755,0.764417,1222
1507,327,0.707026,583
1507,3888,0.288947,1222
1507,3915,0.646824,256
1508,1509,1.164076,256
1509,1510,0.513542,256
1509,3888,1.183284,1222
151,152,0.464751,638
151,659,0.397503,460
1510,1511,0.743348,247
1510,1708,0.660818,939
1510,3094,0.752134,684
1510,457,0.611257,256
1511,1512,0.344453,995
1511,3095,0.994466,715
1511,456,0.410909,995
1512,1513,0.372148,995
1512,3094,0.335363,684
1513,1514,0.764410,995
1514,1515,0.365576,995
1515,1516,0.524943,995
1516,1517,0.732565,995
1516,3890,0.603999,684
1517,1701,0.046139,998
1517,1802,0.297920,976
1517,468,0.620498,604
1518,1519,0.134249,247
1518,1520,0.481042,256
1518,469,0.759593,256
1519,1520,0.346803,770
1519,469,0.893750,770
152,153,0.358966,261
152,3201,0.939099,261
1520,1521,0.197910,256
1520,1523,0.539506,770
1521,1522,0.118483,684
1521,1523,0.341615,256
1521,3893,0.247730,684
1522,1523,0.223170,247
1522,1524,0.420287,684
1522,2122,0.759227,753
1523,1524,0.197205,770
1523,3185,0.307708,256
1524,1525,0.494594,770
1525,1526,0.543588,770
1525,2122,0.155986,753
1526,1527,0.269692,770
1527,1528,0.260027,770
1528,1529,0.453195,770
1529,2479,0.454540,141
1529,2480,0.614108,141
153,154,0.361220,261
153,3202,0.380363,304
153,659,0.427865,460
1530,1531,0.159847,523
1530,1646,0.289134,70
1530,1770,0.249581,1219
1530,2522,0.297087,143
1530,3113,0.755170,858
1531,1532,0.377949,119
1531,1533,0.751547,649
1531,1770,0.253047,547
1531,2522,0.384452,649
1531,529,0.452194,119
1532,1533,0.373599,119
1533,1534,0.563293,1016
1533,2302,0.502949,119
1534,1535,0.355885,1016
1535,1536,0.291274,1016
1536,1537,0.412280,398
1536,2633,0.677784,1016
1536,4326,0.677784,547
1537,1538,1.016521,235
1537,1539,1.024442,398
1537,2633,0.267094,158
1537,3590,0.660962,700
1537,3904,0.339761,700
1538,1539,0.008317,235
1538,2633,0.752157,592
1539,1540,0.522318,1016
1539,2633,0.759962,1016
154,155,0.430411,261
1540,1541,0.489915,398
1540,4147,0.229658,1016
1541,1542,0.399923,398
1542,1543,0.505681,63
1542,1824,0.405331,235
1542,3177,0.846458,523
1542,628,0.826925,545
1542,904,0.538475,398
1543,1544,0.476445,518
1543,1823,0.410418,518
1544,1545,0.380566,518
1544,1824,0.628343,235
1545,1546,0.418156,103
1545,2072,0.365613,99
1545,2651,0.372489,518
1546,2103,0.649620,1105
1546,623,0.570100,1105
1549,1550,0.440942,672
1549,191,0.955773,672
155,156,0.494482,261
155,3202,0.409015,304
1550,1551,0.315074,672
1551,1552,0.676415,672
1552,1553,0.616268,987
1552,2317,1.220320,672
1553,1554,0.440385,987
1554,1555,1.238426,987
1555,1670,0.226864,987
1556,1557,0.321240,987
1556,1672,0.190973,787
1556,1673,0.942531,437
1556,1684,1.046106,437
1557,1558,0.455831,987
1557,3136,0.317863,237
1557,832,0.191793,596
1558,1639,0.901920,1094
1558,2395,0.461888,128
1558,830,0.771007,1122
156,157,0.326586,460
156,158,0.621290,261
1560,300,0.424240,64
1560,48,0.448267,371
1560,668,0.186733,431
1560,749,0.206507,371
1561,1951,0.541684,961
1561,300,0.397103,1257
1561,3100,0.783059,282
1561,47,0.311994,859
1561,48,0.388671,281
1561,669,0.264966,105
1562,1563,0.254509,609
1562,1564,0.531988,265
1562,872,0.499382,609
1563,1564,0.277499,609
1564,1565,0.530660,609
1564,3203,0.349380,756
1565,1566,0.519484,265
1565,3203,0.181296,265
1566,1567,0.606493,265
1566,4108,0.607328,905
1567,1568,0.381225,265
1568,1569,0.666003,265
1568,4108,0.377944,905
1568,472,0.224685,905
1569,1570,0.588057,128
1569,2118,0.838458,415
1569,2390,0.621774,128
157,158,0.294717,460
1571,2110,0.370471,406
1571,2822,0.433208,838
1571,3049,0.357623,648
1571,328,0.359010,1121
1571,4247,0.842772,1225
1571,452,0.857650,1010
1572,1573,0.311006,70
1572,2614,0.810070,1237
1573,1574,0.291481,66
1573,1637,0.393517,70
1574,1575,0.591598,66
1575,1576,0.469148,66
1576,1577,0.135082,70
1576,1638,0.504811,70
1577,1578,0.423213,70
1578,1579,0.326840,70
1579,1580,0.586118,70
1579,3522,0.128401,385
158,159,0.640225,261
158,4331,0.640225,638
1580,2615,0.545319,385
1580,321,0.701567,70
1580,4280,0.701567,66
1583,1584,0.836147,67
1583,1875,0.547308,540
1583,194,0.190032,361
1583,2915,0.252446,1188
1583,292,0.255361,69
1583,826,0.622441,1188
1584,3861,0.676946,653
1585,1951,0.682779,859
1585,2211,0.557619,810
1585,748,0.668828,68
1585,957,0.935251,827
1586,1587,0.456702,68
1586,3851,0.609364,633
1586,574,0.508467,68
1587,1588,1.106447,68
1588,1589,0.233784,68
1588,3153,0.597314,245
1588,3154,0.294482,630
1589,1590,1.567870,68
1589,2863,0.244368,572
1589,3154,0.065865,947
159,160,0.405805,261
1590,1591,0.250295,68
1590,3154,1.529143,630
1591,1592,0.253776,68
1592,1593,0.435517,68
1592,2859,0.432309,630
1593,1594,0.426563,68
1594,1595,0.457436,68
1594,2859,0.436754,630
1595,4,0.396781,68
1596,3852,1.155345,877
1596,3854,0.844729,633
1596,8,1.244828,68
1596,9,0.276033,630
1597,1598,0.686117,68
1597,271,0.427311,68
1598,1599,0.306544,68
1599,1600,0.399876,68
16,17,1.090387,157
16,756,1.952096,947
160,161,0.256024,460
160,162,0.383706,638
160,163,0.797698,261
160,3223,0.317349,323
160,4331,0.405805,638
1600,1601,0.542876,68
1601,1602,0.269130,68
1602,4282,0.324136,68
1603,4282,1.005405,68
1604,1605,0.177016,785
1604,67,0.429677,785
1604,770,0.584164,1111
1605,1606,0.821373,785
1605,3021,1.073051,770
1606,1607,0.366502,785
1607,1608,1.795467,785
1607,1954,1.347860,473
1607,2813,1.215053,733
1607,2960,0.683143,240
1607,3376,0.511255,1111
1608,1609,0.441463,785
1608,1954,0.448667,473
1609,1610,0.362323,785
1609,1955,0.668838,89
161,162,0.135503,429
161,3313,0.696069,460
1610,1611,0.113948,785
1611,1612,0.531478,785
1611,3262,0.273380,282
1612,1613,0.373246,785
1612,3262,0.258288,282
1613,1614,0.528717,785
1614,1615,0.176099,785
1615,1616,0.360465,785
1616,3613,0.251764,1138
1616,59,0.422865,564
1616,779,0.562399,785
1617,2128,0.259807,105
1617,296,0.429374,1065
1617,819,0.399007,660
1617,821,0.422383,549
1617,956,0.424334,549
1618,1619,0.607931,69
1618,291,0.222966,69
1619,1620,0.312430,69
1619,4245,0.462954,1215
162,163,0.417015,638
1620,1621,0.773595,69
1621,1622,0.730546,69
1622,1623,0.572291,69
1622,2580,0.337329,149
1623,1624,0.316003,69
1623,285,0.189985,530
1624,283,0.300226,1215
1624,303,0.411883,69
1625,1626,0.302745,69
1625,283,0.478736,1215
1625,303,0.366223,69
1626,1627,0.480617,69
1626,281,0.224305,530
1627,1628,0.556743,69
1627,281,0.256491,530
1628,1629,0.304747,69
1629,302,0.249247,69
163,164,0.400584,261
1631,1632,0.260627,69
1631,302,0.477453,69
1632,1633,0.591358,69
1633,1634,0.589286,69
1633,3474,0.585578,366
1634,1635,0.755748,69
1635,1636,0.396868,69
1637,1638,0.523374,70
1637,1798,0.352980,1175
1637,1800,0.371766,1175
1639,1640,0.534156,70
1639,2342,0.897299,994
1639,830,0.651517,801
164,165,0.396115,261
1640,1641,0.618574,70
1641,1642,0.541564,70
1641,2102,0.988963,119
1642,1643,0.402195,70
1642,2709,0.305202,211
1642,2724,0.516635,982
1642,2725,0.169683,540
1643,1644,0.336624,70
1643,738,0.307529,596
1644,1645,0.186131,70
1644,2294,0.320116,119
1644,3728,0.198347,540
1645,2048,0.538066,182
1645,2707,0.623224,1031
1645,521,0.729363,70
1646,1769,0.326451,85
1646,1858,0.647186,319
1646,2521,0.364587,892
1646,3113,0.467066,1065
1646,529,0.379616,70
1647,1648,0.352394,859
1647,2834,0.324269,859
1648,1649,0.710195,859
1649,271,0.428563,755
165,166,0.344005,638
165,167,0.658659,261
1650,1651,0.444466,631
1651,1652,1.047055,631
1652,1653,0.129836,631
1653,1654,0.360039,631
1654,760,0.997435,631
1655,1656,0.486946,1121
1655,3321,0.806498,1121
1656,1657,0.401092,1121
1657,2246,0.262601,797
1657,612,0.455734,1121
1658,1659,0.603366,1121
1658,635,0.327467,1124
166,167,0.314775,638
1660,1661,0.470557,72
1660,3745,1.664957,1069
1661,1662,0.290902,72
1662,1663,0.336191,72
1663,1664,0.388604,72
1664,1665,0.507065,72
1665,1666,0.378532,987
1665,2316,0.606566,987
1666,1667,0.550719,987
1667,1668,0.593932,987
1668,1669,0.450759,987
1668,2446,0.445894,632
1669,189,0.491309,987
167,168,0.529095,261
167,4332,0.529095,638
1670,1671,0.248419,72
1671,2256,0.844531,935
1671,3481,0.240307,733
1671,3482,0.690410,935
1671,875,0.566654,733
1672,1675,1.001022,704
1672,2451,1.066292,340
1672,833,0.460953,787
1673,1674,0.487288,1105
1673,1675,0.822018,295
1673,1781,1.687512,437
1673,2324,0.296929,1105
1673,833,0.334590,295
1674,1675,0.335196,1105
1675,1676,0.653114,1105
1676,1778,0.230364,149
1676,2578,0.386268,1105
1677,3336,0.877924,328
1677,3394,0.344507,704
1677,3496,0.747928,376
1677,355,0.396671,1105
1677,441,0.473307,1105
1677,746,0.501261,127
1677,959,0.762562,147
1678,1679,0.364763,1105
1678,441,0.465174,1105
1678,443,0.972209,147
1679,1680,1.022409,72
1679,2436,0.447283,1105
1679,442,0.457601,139
168,169,0.352829,261
168,706,1.007977,369
1680,2436,0.738205,1105
1680,440,0.275722,836
1680,441,0.534825,843
1681,1682,1.742501,894
1681,4102,0.481771,894
1682,1683,0.264224,894
1683,3369,0.244854,329
1684,1685,0.251386,787
1684,2790,0.359283,855
1684,874,0.419762,669
1684,875,0.524268,547
1685,875,0.499392,74
1687,1688,1.311513,281
1687,884,0.717656,281
1688,1689,0.420383,281
1689,1690,1.790555,281
1689,2413,0.628672,260
169,170,0.751801,487
169,2266,0.866898,419
169,4301,0.697041,261
169,706,0.657215,1096
1690,1691,2.531620,281
1690,2066,2.516824,249
1690,2413,1.172893,652
1690,3687,2.365805,1170
1690,4002,2.548443,800
1691,1692,0.640828,141
1691,2066,0.019309,481
1691,2508,0.338911,141
1691,3039,0.387102,535
1691,3687,0.203391,1170
1692,1693,0.912066,141
1692,2066,0.649565,481
1692,4002,0.621363,800
1693,1694,2.012173,141
1693,3236,2.093276,275
1693,4003,1.960293,800
1694,1695,1.702738,141
1695,1696,1.603559,141
1695,2067,0.636915,535
1695,4003,1.645356,800
1696,1697,0.372910,141
1696,2067,0.968483,652
1696,2623,1.566575,518
1697,1698,0.720726,141
1697,2257,0.604983,652
1698,1699,0.687801,141
1699,1700,0.091590,141
17,18,0.902456,0
17,756,0.867582,157
170,171,0.424497,672
170,633,0.255973,672
170,706,0.148071,1114
1701,1702,0.760927,75
1701,1802,0.332815,1007
1701,1803,1.391823,998
1701,467,0.818027,1007
1702,1703,0.623975,75
1702,1802,0.448984,976
1702,4014,0.493089,809
1702,4219,0.270617,1141
1703,1704,0.645925,75
1703,1802,0.951635,324
1704,1705,0.492703,75
1705,1706,0.365559,75
1706,1707,0.271117,75
1706,3494,0.272758,976
1707,1708,0.650558,75
1707,3389,0.784142,337
1707,3390,0.578240,337
1707,340,1.088154,1064
1708,1709,0.688591,128
1708,1710,1.296074,750
1708,2421,0.546155,337
1708,339,0.986107,128
1708,3390,0.391203,337
1708,4035,0.491715,1222
1709,1710,0.624926,128
1709,1711,0.951396,939
1709,2788,0.350126,179
1709,455,0.369107,227
171,172,0.362729,672
1710,1711,0.326470,128
1711,1712,0.872473,939
1711,844,0.579799,1237
1712,1713,0.924062,772
1712,1810,0.304398,108
1712,3266,0.924624,334
1712,4109,0.299880,909
1712,843,0.660532,772
1713,1714,0.886254,772
1713,2824,0.368760,227
1714,1715,0.341028,772
1714,3050,0.294252,939
1714,3165,0.551784,249
1714,3266,0.885198,939
1715,1716,0.338858,772
1716,1717,0.376998,772
1717,1718,0.805505,772
1718,1719,0.408518,772
1718,3042,0.430143,1191
1718,3384,0.393915,1191
1719,1720,0.368850,772
172,173,0.414361,672
172,174,0.584133,761
1720,1721,0.337035,772
1720,1722,1.393948,978
1720,2371,0.372432,1085
1720,3384,0.383369,1191
1721,1722,1.057342,772
1721,3306,1.056508,302
1721,884,0.550931,800
1722,1723,0.948541,772
1722,2371,1.021827,1174
1722,4344,0.960357,1174
1722,883,0.816984,849
1723,1724,0.855891,772
1723,2371,1.930507,336
1723,3306,0.951347,302
1724,1725,0.618030,772
1724,3268,0.929632,839
1724,4344,0.845568,1174
1725,888,0.895544,772
1726,3067,0.617296,240
1726,888,0.756788,772
1726,890,0.337574,772
1727,1728,0.689650,849
1727,3068,0.455320,228
1727,891,0.464783,849
1728,180,0.346987,398
1728,3068,0.237485,228
1728,894,0.466243,849
173,174,0.169905,672
173,175,0.491492,197
173,707,0.264744,1105
1732,1733,1.203422,214
1732,3012,0.884899,214
1733,363,0.446148,214
1734,2415,1.927842,187
1734,3602,0.464310,888
1734,365,1.799970,187
1735,368,1.938779,187
1735,370,0.561808,425
1735,73,0.537408,187
1736,1737,1.685855,1107
1736,1738,1.733916,425
1736,372,0.552595,425
1737,1738,0.048309,1107
1737,3560,1.190213,1008
1737,70,1.703160,1008
1738,3109,1.136169,425
1738,3560,1.141964,1104
1738,70,1.751187,1104
1738,921,1.969785,234
1739,1740,0.295545,89
1739,1964,1.078667,89
1739,773,1.184477,627
174,175,0.321989,672
1740,1741,0.344012,600
1740,3485,0.254912,600
1741,1742,0.539425,600
1741,1743,0.606202,371
1742,1744,0.393546,592
1742,2694,0.093858,520
1742,2799,0.248429,1221
1743,1744,0.299941,961
1743,770,4.343680,627
1744,1745,0.598050,961
1745,1746,0.274243,961
1746,1747,0.409673,961
1747,1748,0.275410,961
1748,1749,0.565876,961
1749,1750,0.297509,961
1749,1767,0.203993,756
175,176,0.448058,672
175,177,0.686350,295
175,2634,0.642838,761
1750,1751,0.223201,961
1750,1893,0.299000,1161
1750,2548,0.213536,657
1751,1752,0.341724,961
1752,1753,0.500009,961
1753,1754,0.928778,961
1754,1755,0.125167,961
1754,2550,0.836658,858
1755,1756,0.395153,961
1755,2550,0.711716,657
1756,1757,0.341862,961
1757,1758,0.529777,961
1758,1759,0.255937,961
1759,1760,0.420599,961
176,177,0.238321,672
176,2634,0.265055,964
176,4318,0.265055,1114
1760,1761,0.316935,961
1761,1762,0.396273,1020
1761,3331,0.519079,961
1762,1763,0.426018,78
1762,3331,0.158732,1020
1762,3599,0.162446,615
1763,1764,0.297068,615
1763,3598,0.450827,1138
1763,3599,0.291378,615
1764,1765,0.433777,615
1765,1766,0.176200,615
1765,3925,1.167612,936
1766,2550,0.582473,195
1766,805,0.403473,615
1767,1768,0.389680,742
1768,3401,0.356846,742
1769,1770,0.298512,483
1769,1857,0.501227,483
1769,530,0.182724,331
177,178,0.587635,714
177,2251,0.805310,625
177,2252,0.337482,1151
177,618,0.164754,714
1770,1771,0.265406,483
1770,2521,0.243971,840
1770,2522,0.185001,497
1770,529,0.248506,547
1771,1772,0.760290,483
1771,529,0.044016,951
1772,2993,0.241549,497
1772,729,0.405704,483
1773,1774,0.344101,1045
1773,2076,0.184558,798
1773,2435,0.224618,1045
1773,2707,0.539687,829
1773,2708,0.125005,166
1773,736,0.817130,80
1774,2709,0.198349,166
1774,739,0.439046,1045
1775,1776,0.491366,1045
1775,740,0.677498,1045
1776,830,0.653922,1045
1777,1778,0.583338,80
1777,3086,0.356718,229
1777,3391,0.817017,1251
1777,830,0.399784,80
1778,1779,0.396835,80
1779,1780,0.490403,80
178,179,0.242618,714
178,618,0.704441,203
1780,1781,0.227210,80
1781,1782,0.501440,1045
1781,2817,0.857508,437
1781,2978,0.999445,564
1781,2979,0.352614,564
1781,3499,1.052598,720
1781,3500,0.721691,1045
1782,1783,0.555680,80
1782,2816,0.320990,334
1782,2817,0.874183,1045
1783,1784,0.254198,80
1784,1785,0.368209,80
1784,2589,0.231068,150
1784,3330,0.230734,684
1784,3495,0.692133,715
1784,3764,0.779783,720
1785,1786,0.692496,256
1785,4300,0.368209,256
1786,1787,0.924077,80
1786,2209,0.267365,256
1786,2755,0.676464,279
1786,3495,0.369564,715
1787,1788,0.235192,1045
1787,3764,1.344866,840
1787,4018,0.361796,1083
1788,1789,0.625560,1045
1788,1790,0.809921,322
1789,1790,0.184581,1045
1789,663,1.436948,840
179,180,0.561974,714
179,895,0.352889,421
1790,2468,0.187280,1045
1790,663,1.253017,80
1791,1792,0.966181,312
1791,2195,0.474680,312
1791,663,0.303180,80
1792,1793,0.570670,80
1792,2674,0.343389,312
1792,320,0.343917,924
1793,1794,0.565945,1111
1793,4193,0.748899,1111
1794,1795,0.328779,80
1794,4194,0.211504,1111
1795,1796,0.459078,80
1796,1797,0.341295,80
1797,1798,0.565065,80
1798,1799,0.366299,80
1799,1800,0.357086,80
18,19,0.720031,705
18,2330,0.850332,705
180,181,0.315616,714
180,4304,0.346987,323
180,714,0.295446,995
1800,1801,0.336096,80
1801,2590,0.805893,924
1801,4117,0.821393,1026
1802,1803,1.059008,1111
1802,467,1.149862,1111
1803,1804,0.875856,998
1804,1805,1.105434,690
1804,2780,0.406685,179
1804,2781,0.619946,998
1804,3097,0.344910,1111
1804,4231,0.699473,1169
1805,1806,0.694570,998
1805,2781,0.485706,998
1806,1807,0.264673,998
1807,1808,0.479594,179
1807,1809,0.972848,998
1808,1809,0.493261,690
1808,2782,0.185388,179
1809,3420,0.488945,1191
1809,3741,0.959127,998
181,182,0.423705,714
1810,1811,0.253391,81
1810,2196,0.544950,108
1811,1812,0.513480,81
1812,1813,0.267046,81
1813,1814,0.255117,81
1813,1816,0.929091,1159
1814,1815,0.481702,81
1815,1816,0.368440,81
1817,75,1.713866,82
1818,1819,0.546873,261
1818,2266,0.224677,979
1818,3448,0.526230,508
1818,3449,0.325108,356
1818,4301,0.395885,261
1818,706,0.434383,518
1819,1820,0.292558,261
182,183,0.353111,672
182,184,0.836428,1151
182,2463,0.488192,797
182,715,0.776759,714
1820,1821,0.787372,261
1820,2343,0.386783,979
1820,630,0.663673,644
1820,631,0.169794,495
1821,1822,0.365466,1096
1821,1823,0.760529,261
1821,2071,0.362208,518
1821,2955,0.451141,1056
1822,1823,0.395074,1096
1823,1824,0.421305,261
1823,2071,0.398330,892
1823,2511,0.824981,892
1824,3190,24.226082,261
1824,629,0.805315,855
1825,1826,0.451050,83
1825,2178,0.217050,473
1826,1827,0.374473,473
1826,2178,0.357700,473
1826,2694,7.983739,656
1827,1828,0.420694,473
1827,2767,0.417559,443
1828,1829,0.539338,473
1829,1830,0.461377,473
183,184,0.492732,672
183,2103,0.837468,1105
1830,1831,0.216936,473
1830,1832,0.351683,1138
1831,1832,0.148669,473
1831,4276,0.244954,443
1832,1833,0.217475,473
1832,1834,0.506988,1044
1833,1834,0.290189,473
1834,1835,0.474651,473
1835,1836,0.560181,473
1835,4273,0.558150,443
1835,4285,0.560181,108
1836,1837,0.382532,83
1836,3634,0.235795,473
1837,1838,0.405856,770
1837,3489,0.175591,770
1837,4285,0.382532,108
1838,1839,0.333462,770
1839,1840,0.591383,83
1839,2180,0.666254,770
184,185,1.021654,672
1840,1841,0.217798,83
1841,1842,0.202260,83
1842,1843,0.257400,83
1843,1844,0.467894,83
1844,1845,0.519976,83
1845,1846,0.533325,1111
1845,2965,0.336301,1111
1846,1847,0.395097,83
1846,3300,0.238674,1111
1846,3773,0.381433,581
1847,1848,0.196725,879
1847,2186,0.331797,1082
1847,3300,0.179579,831
1848,1849,0.890227,879
1848,3300,0.338958,334
1848,3773,0.221451,581
1849,1850,0.314557,879
185,186,0.526619,672
185,2316,0.466507,987
185,4224,0.522131,1151
1851,1852,0.424320,83
1851,1853,0.785710,782
1851,3916,1.604970,724
1852,1853,0.361398,1188
1852,3916,1.323236,814
1853,1854,0.419095,83
1853,3394,0.513390,1188
1854,1855,0.375661,400
1854,2447,0.354571,836
1854,2472,0.399441,1146
1854,356,0.590879,83
1854,440,0.634758,836
1854,960,0.555308,1082
1855,355,0.461662,1021
1855,356,0.292999,400
1856,1857,0.577037,483
1856,2013,1.560438,850
1856,3724,0.403359,823
1856,4266,0.408672,1256
1858,1859,0.689509,892
1858,2967,0.184303,319
1859,1860,0.515597,319
1859,2967,0.505304,319
1859,3113,0.871832,1065
186,187,0.557973,672
1860,1861,0.473205,892
1860,2280,0.794300,319
1860,801,0.815723,472
1861,1862,0.886269,85
1861,2968,0.586314,217
1861,3624,0.389360,842
1861,684,0.303167,892
1862,1863,0.487279,217
1862,2968,0.304609,217
1863,1864,0.304028,217
1863,3254,0.356256,498
1864,1865,0.312922,217
1864,1866,0.591993,1094
1864,2727,0.511571,168
1864,679,0.235480,1065
1864,797,0.993164,1094
1865,1866,0.281058,479
1865,678,0.295347,217
1865,681,0.604839,357
1866,1867,0.228172,1094
1867,1868,0.807396,217
1867,2728,0.192821,168
1867,2729,0.601643,1094
1867,678,0.223770,217
1868,1869,0.737219,217
1868,2536,0.836986,603
1868,2537,0.322914,603
1868,42,0.602593,479
1869,1870,0.155841,217
1869,41,0.486301,1046
1869,675,0.522548,288
187,188,0.667483,672
187,2104,0.671289,1151
187,4224,0.562447,1151
1870,1871,0.254628,217
1870,3424,0.769964,353
1870,4025,0.368544,1046
1871,1872,0.202102,288
1871,1873,0.313127,1035
1871,2969,0.385204,207
1871,3730,0.117119,1164
1871,4297,0.202102,217
1872,1873,0.111328,288
1873,1874,0.384732,217
1873,2914,0.388546,288
1873,3730,0.261389,540
1873,4297,0.111328,217
1874,1875,0.317318,217
1875,195,0.287814,217
1875,2579,0.545192,201
1875,2914,0.313296,288
1876,1877,0.936882,85
1876,196,0.122540,217
1876,3018,0.613513,217
1877,1878,0.292477,217
1877,3018,0.323387,217
1878,1879,0.207052,217
1879,199,0.671976,713
1879,201,0.110592,217
188,189,1.139067,672
1880,1881,0.902662,148
1880,203,1.381685,148
1881,1882,0.590992,148
1881,2671,0.331328,647
1881,3452,0.523166,647
1881,4310,0.590992,444
1882,1883,0.673236,148
1883,1884,0.413784,148
1883,1885,0.651923,742
1883,2671,1.578404,1120
1884,1885,0.238164,444
1884,1886,0.757488,148
1884,4311,0.413784,444
1885,1886,0.519333,742
1886,1887,0.323401,148
1887,1888,0.938244,742
1887,2573,0.407783,148
1888,1889,0.704362,742
1888,2573,0.530650,1264
1889,1890,0.178366,742
1889,2693,0.404450,810
189,190,0.865671,672
189,2104,1.135267,1151
189,2446,0.495754,632
1890,1891,0.878964,742
1891,1892,0.487440,742
1892,1893,0.580609,1035
1893,1894,0.480679,1035
1896,3403,0.665011,742
1896,3485,0.516099,600
1896,61,0.875571,600
1896,62,0.618547,544
1896,63,0.481018,86
1898,1899,0.661995,1212
1899,1900,0.474774,331
1899,1901,1.057381,1212
19,20,0.535263,157
19,21,1.352084,741
19,2330,1.263966,1066
19,3360,0.746204,820
19,756,0.755152,157
190,191,0.428032,672
1900,1901,0.582673,331
1901,1902,1.305950,331
1901,3167,0.246719,1212
1902,1903,0.479283,331
1903,1904,1.054530,331
1904,3032,0.653403,387
1904,3372,0.629326,331
1904,3967,0.562928,778
1904,81,0.638068,792
1906,1907,0.767251,88
1906,438,2.067904,88
1907,1908,0.448763,88
1908,1909,0.433760,88
1909,1910,0.481542,764
1909,2936,0.238259,764
191,2372,0.590454,1151
1910,1911,0.822084,764
1910,2936,0.719748,204
1911,1912,0.603016,764
1912,1913,0.799883,953
1913,1914,0.439012,953
1913,2899,0.188792,252
1914,1915,0.250542,764
1915,1916,1.031027,764
1915,752,0.454639,390
1916,1917,0.657494,764
1917,1918,0.695564,764
1918,1919,0.320140,764
1919,1920,0.504068,764
192,193,0.191098,361
192,3464,0.309282,361
1920,1921,0.651502,906
1920,1922,1.380487,764
1920,239,14.235326,1203
1921,1922,0.730732,906
1922,1923,0.242687,764
1923,1924,1.145182,764
1923,3985,0.448213,953
1924,1925,0.205081,764
1924,3985,0.699922,953
1925,1926,0.640027,764
1926,1927,0.429160,764
1927,1928,0.488842,906
1927,1929,1.163092,764
1927,2937,0.400559,204
1928,1929,0.675207,906
1929,1930,0.224617,764
193,194,0.483955,361
193,3345,0.364974,314
1930,1931,0.439978,764
1931,1932,0.403792,764
1932,1933,0.406341,764
1933,1934,0.503658,764
1934,1935,0.534872,404
1934,2696,0.535374,764
1935,1936,0.455850,404
1935,2696,0.187583,906
1936,1937,0.431004,404
1937,1938,0.243325,88
1937,1939,0.537056,232
1937,3534,0.206801,404
1938,1939,0.297514,88
1939,1940,0.328824,88
194,195,0.504660,579
194,2915,0.438498,314
194,3345,0.119241,314
1940,1941,0.392830,713
1940,3349,0.592722,316
1941,1942,0.506221,713
1942,1943,0.561704,713
1943,1944,0.290328,713
1943,2145,0.309694,788
1943,3350,0.948897,316
1944,1945,0.727787,148
1944,26,1.197900,764
1945,248,0.676929,360
1945,26,0.470115,148
1945,27,0.698186,751
1946,1947,0.222288,1252
1946,297,0.313341,1252
1947,1948,0.230211,1252
1948,1949,0.660927,1252
1949,1950,0.402246,1252
195,196,0.316398,217
195,293,0.614319,467
195,3235,0.607588,1150
195,4121,0.319404,1226
195,4297,1.056837,1065
1950,47,0.336129,1252
1951,3100,0.527001,961
1954,3261,0.331304,282
1955,1956,0.881587,89
1956,1957,0.616012,89
1956,3878,0.485007,664
1957,1958,0.230937,89
1958,1959,0.256939,89
1959,1960,0.489314,89
196,197,0.360381,467
196,3018,0.730155,1035
196,3451,0.445792,636
1960,1961,0.274212,89
1960,3879,0.610268,664
1961,1962,0.334033,89
1962,1963,0.313187,89
1963,1964,0.303189,89
1964,3485,1.113994,773
1964,772,0.535044,756
1965,1966,0.475018,894
1965,570,0.458848,112
1966,1967,2.016579,894
1966,3105,0.597127,429
1966,3716,1.463552,965
1967,2030,0.867714,652
1967,228,0.609753,652
1967,3308,1.339460,304
1967,3550,0.594857,410
1968,1969,0.337229,187
1968,73,1.653327,187
1969,1970,0.897018,938
1969,2845,1.108743,187
197,198,0.408137,742
197,294,0.479372,467
197,3866,0.137000,742
197,4121,0.357527,1226
197,4297,1.356678,1065
1970,1971,0.494406,938
1971,1972,0.542835,938
1972,922,0.219093,938
1973,1974,0.491180,142
1973,380,0.149847,610
1973,3817,0.320535,610
1973,3886,0.106738,1210
1974,1975,0.582683,142
1975,1976,0.826132,142
1975,1977,1.427462,515
1976,1977,0.602234,142
1977,1978,0.448391,142
1978,1979,0.580878,142
1979,1980,0.477146,142
198,199,0.463688,1155
198,3451,0.313746,1155
1980,1981,0.555431,142
1981,1982,0.611363,142
1982,1983,0.375423,142
1982,3682,0.846092,515
1983,1984,0.600419,142
1985,2017,0.491082,612
1985,2069,0.467560,284
1985,2756,0.809482,222
1985,87,0.759374,93
1985,88,0.017687,284
1987,1988,1.496466,93
1987,2352,1.339235,124
1987,3758,0.430740,1046
1987,407,0.187286,124
1987,4168,0.379689,1046
1987,980,0.409338,93
1988,1989,1.280179,479
1988,2353,0.504178,1046
1988,2941,0.961778,242
1988,4170,0.435390,1046
1989,1990,0.308944,479
1989,2353,0.776003,1046
1989,2354,0.886494,124
199,200,0.498997,1155
1990,1991,0.681503,93
1990,2939,0.947129,789
1990,3643,0.457245,479
1991,1992,0.407172,479
1991,3643,0.224373,479
1992,1993,0.645186,479
1993,1994,0.595700,479
1994,1995,0.167600,479
1994,1996,0.468354,902
1994,3933,0.482618,1180
1995,1996,0.301814,479
1996,1997,0.381999,479
1996,1998,1.011787,1264
1997,1998,0.629853,479
1998,1999,0.229178,479
1998,2705,0.752602,166
1999,2000,0.323049,479
1999,2001,0.496962,1264
2,3,0.411211,859
2,3189,0.934594,258
20,21,0.817037,157
200,201,0.194123,1155
2000,2001,0.217142,850
2000,2605,0.403815,479
2000,392,0.481100,789
2001,2002,0.505337,1180
2001,2149,0.666604,1264
2001,2150,0.356175,550
2001,390,0.516888,289
2001,997,0.630313,885
2001,998,0.348619,289
2002,2003,0.309021,509
2002,2149,0.235897,509
2002,3946,0.464568,762
2002,998,0.204807,93
2003,2004,0.280933,850
2003,998,0.474688,850
2004,2005,0.370697,850
2005,2006,0.403474,850
2006,2007,0.605121,850
2007,2008,0.220075,850
2008,2009,0.435944,850
2009,2010,0.355709,850
2009,2609,0.542370,822
201,202,0.320904,1155
2010,2011,0.712796,497
2010,385,0.483633,497
2011,2012,0.220533,497
2012,2013,0.730662,497
2013,2216,0.609941,1188
2013,2277,0.852117,497
2013,2875,0.484133,189
2013,3549,0.441187,494
2013,3724,1.161222,720
2014,2015,0.401205,203
2014,2722,0.234227,229
2015,2016,0.372859,203
2015,515,0.386118,760
2016,2256,0.611769,760
2017,88,0.476754,1048
2019,2020,1.016906,923
2019,2243,0.941370,114
2019,2797,1.525598,260
2019,3600,0.143001,730
2019,594,0.871909,260
202,203,0.326792,1155
202,3019,0.473094,217
2020,2021,1.039742,923
2020,2617,0.878588,926
2020,3901,0.704418,750
2020,3934,0.863768,750
2021,2022,1.617721,923
2021,4120,1.262581,1170
2021,4265,0.792968,1253
2022,2023,1.138674,652
2022,2260,1.422214,652
2022,2414,2.395385,409
2023,2024,0.575735,652
2023,4120,1.133698,1170
2024,2025,0.620996,652
2024,2026,1.402893,275
2025,2026,0.789563,652
2026,2027,0.419556,652
2027,2028,0.455177,652
2028,2029,0.562252,652
2028,2030,1.936476,745
2028,3371,1.245593,1193
2029,2030,1.374268,652
2029,2921,0.302248,197
203,204,1.294610,1155
203,2570,0.975381,148
2030,569,0.741883,197
2031,2032,0.357764,923
2031,233,0.426891,998
2031,379,0.240251,998
2031,914,0.475916,610
2031,915,0.105719,253
2032,235,0.451416,977
2034,2229,0.348292,1087
2034,2230,0.031540,1087
2034,2232,0.636625,516
2034,2843,0.637703,516
2036,2037,0.282306,185
2036,4313,0.312819,462
2037,2038,0.237764,185
2038,2039,0.376056,185
2039,4314,0.716688,462
204,205,0.981065,1155
2041,4314,0.466082,462
2041,4315,0.454634,462
2044,2045,0.184527,1252
2044,4315,0.726566,1008
2044,4316,0.305023,462
2045,2046,0.772713,1252
2046,2047,0.283926,1252
2048,2049,0.372661,650
2048,520,0.392727,650
2049,2050,0.442999,650
205,206,0.297152,1155
2050,2051,0.654032,650
2051,2052,1.325841,650
2052,2053,1.049433,650
2053,2054,1.647294,650
2054,884,1.091467,650
2055,2056,0.470257,1118
2055,886,0.543365,1118
2056,2057,0.473540,1118
2056,886,1.009630,650
2057,2058,0.708084,1118
2058,2059,0.434188,1118
2058,3067,0.441345,240
2059,2060,0.431787,1118
206,207,0.461181,1155
2060,2061,0.374525,1118
2061,2062,0.295514,1118
2062,2063,0.334722,1118
2063,2064,0.440115,1118
2064,3582,0.990900,1118
2066,2768,0.748153,249
2067,591,1.056805,535
2068,967,0.622825,984
2069,419,0.562763,284
2069,421,0.315518,439
2069,88,0.453025,792
2069,90,0.378497,1212
207,208,0.519817,1155
2070,91,0.572285,1212
2070,96,1.148307,1212
2071,2311,0.548023,796
2071,3072,0.542286,892
2072,623,0.616228,421
2073,2074,0.461530,289
2074,715,0.262283,289
2075,718,0.302532,714
2075,719,0.200262,714
2076,3645,0.635766,714
2076,736,0.651804,714
2077,2078,0.680157,100
2078,2079,0.894705,100
2079,2080,0.665300,100
2079,3447,0.688810,672
208,209,0.250977,1155
2080,2081,0.195417,836
2080,3532,0.364675,836
2081,2082,0.318404,836
2081,3532,0.502557,885
2082,2083,0.246815,836
2083,2084,0.368937,836
2083,3469,0.338026,885
2084,2085,0.148196,836
2084,2953,0.376141,549
2084,3443,0.542501,356
2084,3444,0.369272,549
2085,2086,0.708618,885
2085,3469,0.188505,885
2085,3533,0.860347,836
2086,2087,0.170085,885
2087,2088,0.428492,100
2087,3612,0.384321,885
2088,2089,0.752458,979
2088,2346,0.545547,979
2088,3612,0.121945,885
2089,2090,0.510917,979
209,210,0.245852,1155
2090,2091,0.971382,100
2090,2347,0.155570,979
2090,2348,0.674717,644
2091,2092,0.413644,100
2092,2093,0.420106,100
2093,2094,0.959425,100
2094,2095,0.586501,269
2094,2349,0.528541,269
2095,2349,1.114649,979
2097,2098,0.358236,100
2097,306,0.248286,100
2098,2099,0.255963,100
2098,4244,0.276875,1215
2099,2100,0.469882,100
21,22,1.475631,705
210,211,0.537888,1155
2102,963,0.492286,707
2105,2106,0.475693,1151
2105,3042,0.556479,225
2106,2107,1.356524,103
2106,2466,0.403924,1151
2106,4294,0.403924,164
2107,2108,0.864283,1121
2107,2466,0.962311,1151
2107,2628,0.398732,1121
2107,4294,0.962311,164
2108,2383,0.323673,126
2108,2975,0.892576,220
2108,844,0.461103,1135
2109,330,0.548977,103
2109,3586,0.848085,773
211,212,0.353458,1155
2110,2111,0.401552,1151
2110,3060,0.401285,406
2110,329,0.445467,935
2110,451,0.615807,1151
2111,328,0.367083,272
2111,3586,0.441528,786
2112,2113,0.251225,941
2113,2114,0.301301,941
2113,2389,0.307305,732
2113,475,0.323226,726
2114,2115,0.599048,690
2114,945,0.559016,690
2115,2116,0.374690,324
2115,2117,0.697050,128
2115,2389,0.602779,128
2116,2117,0.322360,324
2117,2118,0.250507,415
2117,2390,0.468115,128
2118,2119,0.198345,104
2118,2390,0.217617,324
2119,2120,0.389687,104
212,213,0.898044,1155
2120,2121,0.623165,104
2121,2122,0.381178,104
2122,2123,0.243284,104
2123,2773,0.267342,179
2124,2125,0.443113,105
2124,300,0.781941,405
2124,669,0.350175,105
2125,2126,0.663030,105
2126,2127,0.231420,105
2127,2128,0.216312,105
2129,2130,0.370616,105
2129,823,0.462810,105
213,214,0.514830,1155
2130,2131,0.190450,105
2131,2132,0.536216,105
2132,2133,0.858522,105
2133,2134,1.046436,615
2133,2554,2.058116,615
2133,3822,0.440509,736
2133,3921,1.443627,736
2134,2135,0.770392,615
2135,2136,1.237666,615
2136,2137,0.726577,615
2137,2138,1.513160,615
2137,2753,0.741456,271
2137,285,0.252979,172
2137,3510,0.195049,380
2138,2139,0.628361,615
2138,2753,0.771812,271
2139,2140,0.418177,615
2140,2141,0.605544,615
2141,2142,0.655256,271
2141,247,1.102528,615
2141,2524,0.421204,144
2142,247,0.473025,271
2142,248,0.580078,557
2142,27,0.642531,144
2143,2144,0.722742,634
2143,246,0.647462,634
2143,247,0.443011,615
2143,25,0.897761,1269
2143,26,0.480872,506
2144,2145,0.537802,634
2144,2146,0.948658,549
2145,2146,0.426687,634
2146,2147,0.584134,615
2146,3425,0.344130,634
2147,2148,0.308045,615
2148,2149,0.457410,105
2148,2150,0.767021,549
2148,542,1.177448,615
2149,2150,0.311331,105
2149,998,0.318100,885
2149,999,0.081962,885
215,216,0.393453,197
215,217,0.881967,521
215,2644,0.611879,558
215,3838,0.278396,624
2150,392,0.994196,105
2150,393,1.236537,294
2150,541,0.390759,550
2150,542,0.410909,549
2150,544,0.561052,195
2151,2152,0.618430,615
2151,3540,0.166543,789
2151,3670,0.469740,1261
2151,398,0.502659,615
2151,689,0.367704,204
2151,991,0.501928,964
2152,2943,1.268860,761
2152,2944,1.642040,352
2153,2154,0.293394,516
2153,2217,0.275405,113
2154,2155,0.657301,516
2155,2156,0.286502,516
2156,2157,0.335853,105
2156,2158,0.754983,516
2157,2158,0.419593,105
2158,2159,0.433863,516
2159,2839,0.496408,516
216,217,0.594644,197
2160,4061,1.005047,857
2161,2162,0.984608,1132
2161,3179,1.434058,253
2161,916,0.573577,1132
2162,2163,1.556447,241
2162,3569,0.361110,1132
2162,567,0.388953,1204
2162,568,1.011852,1204
2162,916,1.552529,1170
2163,2164,0.534781,1132
2163,3179,1.108185,253
2163,3569,1.196019,1132
2163,567,1.172489,1204
2164,2165,1.089078,1132
2164,566,0.540615,973
2165,2166,1.692430,1132
2165,563,1.690596,253
2166,2167,0.768512,1132
2166,562,0.765315,784
2167,2168,1.029506,1132
2167,563,0.769787,253
2168,2169,1.547763,1132
2168,562,1.034344,784
2169,2170,0.591774,1132
2169,3143,0.529123,1170
2169,3180,0.575007,253
217,218,0.287804,197
2170,2171,0.470779,1132
2170,3143,0.292098,241
2171,2172,0.565141,107
2171,2415,0.539520,1132
2171,3180,0.481727,253
2171,559,0.745913,1099
2172,2173,0.457400,107
2173,2174,1.194299,107
2174,2175,0.905788,107
2174,3913,1.422776,1132
2174,3951,1.241936,1132
2175,2176,0.956754,253
2175,3182,1.351907,253
2176,2177,0.313535,253
2178,2766,0.279163,443
218,219,1.361399,197
218,502,1.353647,18
218,503,0.321886,18
2180,2181,0.466887,770
2181,2182,0.373595,770
2182,2183,0.209762,770
2183,2184,0.181249,770
2184,2185,0.262420,770
2185,2186,0.425488,770
2186,2187,0.202203,909
2186,3964,0.250247,770
2187,2188,0.511566,312
2187,3025,1.009397,1092
2188,2189,1.010037,312
2188,2190,1.632857,1111
2188,3964,0.475804,1111
2189,2190,0.639294,770
2189,2191,2.104410,312
219,220,0.599757,197
2190,2191,1.468054,1111
2191,2192,0.873123,1111
2191,446,1.677600,1052
2191,447,0.806947,1219
2191,448,0.611513,770
2192,2193,0.997619,1111
2192,332,3.429440,219
2192,447,1.680029,1007
2192,448,0.261622,108
2193,2194,0.654250,1111
2193,2195,0.860006,1128
2193,448,1.238168,770
2194,2195,0.265543,312
2194,4193,0.434357,1111
2195,2615,0.635350,1237
2195,336,1.097747,770
2196,2197,0.452608,909
2196,4109,0.558778,909
2197,2198,0.330075,909
2198,2199,0.221736,909
2199,2200,0.374256,334
2199,2825,0.345619,334
22,2366,0.543179,897
220,221,0.477327,197
2200,2201,0.670435,909
2200,2826,0.382224,334
2201,2202,0.250922,334
2201,2826,0.326880,334
2202,2203,0.453990,334
2203,2204,0.342610,909
2203,2827,0.251854,334
2204,2974,0.445214,1191
2204,3051,0.166023,939
2204,3052,0.361700,939
2205,2206,0.343376,109
2205,2650,0.897430,161
2206,2207,0.400370,109
2207,2208,0.557012,109
2209,328,0.597134,310
2209,3915,0.513821,256
221,222,0.291335,197
2210,59,0.338722,600
2210,60,1.282605,600
2211,3100,0.715511,230
2211,748,0.200984,810
2211,957,0.440043,1036
2213,570,0.567464,1156
2214,239,0.322858,113
2214,3101,0.268885,1188
2214,32,0.639538,603
2214,3796,0.782756,988
2214,381,0.948602,761
2214,382,1.297886,497
2215,3250,1.441001,280
2215,382,0.711753,280
2215,383,0.537102,1188
2215,385,0.516896,1188
2216,2277,0.391767,842
2217,2218,0.689907,113
2217,4250,0.268000,1242
2218,2219,0.280283,113
2219,2220,0.329326,113
222,223,0.219715,197
2220,2221,0.412501,113
2221,2222,0.368021,113
2222,2223,0.568611,113
2223,2224,0.698082,113
2223,4251,0.594702,1242
2224,2225,0.331912,113
2224,2839,0.699637,516
2224,2840,0.332800,516
2225,2226,0.293512,113
2225,4251,0.435534,1242
2226,2227,0.271490,113
2227,2228,0.318960,113
2228,2229,0.286270,113
2228,4252,0.261407,1242
2229,2230,0.317382,113
2229,2843,0.289664,1027
223,224,0.446476,197
2230,2231,0.206281,113
2230,2232,0.666877,187
2230,2843,0.606938,187
2231,2232,0.461211,113
2231,4253,0.206850,1242
2231,4254,0.429011,1242
2232,2233,0.619194,113
2232,2271,0.600975,516
2232,3272,0.565961,539
2233,2234,0.276398,113
2233,2235,0.501081,1242
2233,4254,0.651291,1242
2234,2235,0.225785,113
2235,2236,0.463270,113
2235,4255,0.460889,1242
2236,2237,0.681489,113
2236,2272,0.476827,516
2236,2273,0.681965,516
2237,2238,0.364515,113
2237,4255,0.684544,1242
2238,2239,0.438782,113
2239,2240,0.600097,113
224,225,0.381424,197
2240,2241,0.589777,113
2241,2242,0.626544,113
2243,2244,1.567805,114
2244,2245,0.628200,114
2245,610,0.479257,114
2246,2247,0.425351,714
2246,509,0.331376,798
2246,638,0.278748,714
2247,2248,0.414722,714
2248,2249,0.493500,714
2249,2250,0.328588,714
225,226,0.546624,8
225,2920,0.820323,197
2250,2251,0.338818,714
2251,2252,0.467863,714
2251,618,0.643144,203
2252,618,0.176184,714
2254,2255,0.154010,849
2254,2394,0.446595,1016
2254,832,0.375873,849
2255,2256,0.343515,849
2255,4026,0.432357,829
2256,3920,0.587804,733
2256,873,0.233713,733
2257,2258,1.072043,652
2257,3236,1.428947,275
2257,588,0.692592,278
2258,2259,1.740719,652
2259,2260,1.584894,652
2259,2414,0.660060,185
226,227,0.914705,594
226,2902,0.491633,594
2260,2414,0.973801,185
2261,2262,0.488968,116
2262,2263,1.360778,116
2263,2264,0.772909,116
2264,2265,0.478413,116
2265,695,0.869563,116
2266,3531,0.203433,787
2266,4332,1.217870,638
2266,903,0.219121,787
2267,2268,0.750315,574
2268,2269,0.591654,574
2268,3903,0.520637,700
2269,2270,0.445892,574
227,228,0.714010,594
227,2903,0.634830,192
2270,2271,0.735353,1154
2271,2272,0.505867,516
2273,2274,0.341489,516
2274,484,0.463790,516
2275,2276,0.301457,792
2275,4312,0.655317,462
2275,4313,0.627439,462
2276,4313,0.326005,1224
2277,2278,0.322208,825
2277,2279,0.986005,842
2277,532,0.778861,267
2278,2279,0.664331,825
2278,2706,0.976013,314
2279,2280,0.318751,825
2279,2706,0.311716,452
228,229,0.277176,652
228,230,0.665469,637
2280,2281,0.862126,825
2280,3110,0.823134,497
2280,3624,0.701516,842
2280,802,0.406379,319
2281,2282,0.436458,825
2281,2428,0.511344,452
2281,2706,0.867130,452
2282,2283,0.630813,825
2283,2284,1.027824,882
2283,2428,0.556713,452
2283,2429,0.713604,825
2284,2285,0.415657,825
2284,2429,0.315549,825
2284,2430,0.616213,408
2285,2286,0.211793,825
2285,2429,0.730619,1045
2285,2430,0.401227,1045
2285,2431,0.517419,498
2286,2287,0.409951,825
2287,2288,0.460834,825
2288,2289,0.568350,825
2288,2707,0.434849,166
2288,2708,0.706928,806
2289,2290,0.315871,714
2289,3645,0.696897,714
229,230,0.388603,652
2290,2291,0.294086,714
2291,2292,0.374486,714
2291,936,0.483424,882
2292,3421,0.362657,742
2292,46,0.559888,714
2293,2906,0.927083,826
2293,3399,0.315392,339
2293,359,0.701837,878
2293,360,0.345464,339
2293,4084,0.924125,878
2293,747,0.696035,826
2294,2295,0.422250,119
2294,2707,0.574148,657
2294,4132,0.164286,982
2295,2296,0.200360,119
2296,2297,0.244528,119
2297,2298,0.297653,119
2298,2299,0.448459,119
2298,2726,0.402342,657
2299,2300,0.380737,119
23,24,0.943676,859
23,585,1.829466,506
23,586,0.768065,859
230,231,0.471630,652
2300,2301,0.547708,119
2301,523,0.239196,119
2302,2303,0.555242,119
2303,2304,1.236601,119
2305,2306,0.405923,733
2306,2307,0.429434,733
2307,2308,0.270115,119
2307,3858,0.265297,733
2308,2309,0.350705,119
2309,2310,0.380537,119
2309,3858,0.352320,733
231,232,0.935438,652
231,489,0.928889,686
231,491,0.473539,686
2310,3221,0.338723,283
2310,3663,0.480743,494
2311,2312,0.391450,398
2311,904,0.828802,398
2312,2313,0.381485,398
2313,2314,0.418960,398
2314,2652,0.886599,268
2314,708,0.472327,995
2314,709,0.323084,518
2314,710,0.440906,995
2315,713,0.187258,283
2315,714,0.245368,283
2317,2318,0.352074,672
2318,2319,0.449137,672
2319,2320,0.390886,672
232,233,0.286747,652
232,914,0.237754,90
2320,2321,0.373294,672
2321,2322,0.334509,672
2322,2323,0.411729,128
2322,2393,0.300385,128
2323,2324,0.245067,128
2323,2392,1.432456,935
2323,2720,0.586246,1094
2323,2721,0.280946,1016
2325,2326,0.715617,590
2326,579,1.565891,590
2327,2328,0.788667,705
2327,578,3.532390,705
2327,579,3.246510,121
2328,2329,1.052606,665
2328,264,0.800497,665
2329,2330,1.793366,779
2329,263,1.155211,779
233,234,0.485182,8
233,378,0.699111,817
233,488,0.374460,113
233,489,0.304164,817
233,915,0.521388,1204
2330,3637,0.883501,779
2331,2332,0.414983,123
2332,2333,0.134397,123
2332,3475,0.306037,368
2333,2334,0.191199,123
2334,2335,0.369862,123
2335,2336,0.259894,123
2336,2337,0.343574,123
2337,2338,0.695639,123
2338,2339,0.571081,123
234,3199,0.383081,261
234,3678,0.388089,512
234,378,0.270078,261
234,379,0.199479,14
234,914,0.533255,39
2340,2341,0.311094,733
2341,2342,0.169368,733
2341,513,0.999211,469
2342,3919,0.953258,733
2342,4267,0.720853,443
2342,513,0.836086,509
2342,831,0.720853,123
2343,2344,0.284088,979
2343,631,0.276276,948
2344,2345,0.459939,979
2345,2346,0.409338,979
2347,2348,0.519935,979
2348,2349,0.293194,979
235,236,0.645411,977
235,3529,0.760449,394
2350,2351,0.696554,148
2351,3646,0.271281,488
2351,689,0.291416,269
2351,991,0.427790,148
2352,2353,0.859526,124
2352,4168,0.986917,616
2352,4330,0.248569,616
2352,558,0.974591,670
2352,980,1.593128,670
2353,4330,0.611190,616
2354,2355,1.018812,124
2354,555,0.927514,488
2355,2356,0.606891,124
2356,2357,0.417049,634
2356,2748,1.146765,865
2356,2749,0.465388,634
2357,2358,0.544286,634
2357,2749,0.879755,596
2358,2359,0.303910,634
2359,2360,1.147497,634
2359,3648,0.703285,124
236,237,0.589797,977
2360,2361,0.259777,634
2360,3648,0.446464,124
2361,2362,1.380513,865
2361,2750,0.703439,634
2362,2363,0.490564,865
2362,2750,0.678112,634
2362,2798,7.928785,1182
2362,3101,14.200691,475
2363,2364,0.351972,865
2364,2365,1.362972,124
2364,2751,0.689827,865
2364,3649,1.866727,488
2365,2366,1.054574,865
2365,2751,0.675762,865
2366,2367,0.187734,865
2368,2369,0.899550,865
2369,2370,1.474577,124
2369,2934,1.446573,1232
2369,3574,0.502725,865
237,238,0.674779,977
2370,2935,1.466511,542
2371,2372,0.042824,126
2373,2374,0.430665,126
2373,2410,0.960584,939
2373,3053,0.602973,939
2374,2625,0.528862,1121
2375,2376,0.526732,564
2376,2377,0.335347,564
2377,2378,0.626496,564
2377,2626,0.262546,773
2378,2379,0.374725,564
2378,2626,0.391998,773
2379,2380,0.301094,126
2379,2627,0.348607,1121
2379,3603,0.892724,1121
238,485,0.676917,861
2380,2381,0.262464,126
2381,2382,0.465187,126
2382,2383,0.576229,126
2383,4212,0.218715,1135
2386,2387,0.253510,372
2388,2416,0.633709,879
2388,937,0.404660,141
2388,939,0.427915,141
2389,945,0.551921,128
239,240,0.899479,549
239,2610,0.373137,822
239,2918,0.711018,361
239,2919,0.260734,549
239,32,0.949686,631
239,33,0.187434,562
239,3796,0.885193,696
239,381,1.021288,361
239,4191,0.958407,1094
2391,2392,0.636729,128
2391,2789,0.634192,179
2391,3265,1.056663,935
2392,2393,0.792135,128
2392,3048,0.853298,225
2393,2789,0.795039,179
2394,2395,0.617840,128
2395,4181,0.467091,1053
2396,2397,0.337865,1079
2397,2398,0.466826,1079
2398,2399,0.302450,1079
2399,2400,0.312811,1079
24,25,1.146160,859
24,26,1.743444,563
24,3530,1.343124,397
240,241,0.275068,634
240,2610,0.536414,1006
240,3101,0.843595,634
2400,2401,0.318261,1079
2401,2402,0.363556,1079
2402,2403,0.314078,1079
2403,2404,0.278736,998
2403,3743,0.515522,998
2404,2405,0.307818,998
2405,2406,0.263430,129
2405,2407,0.521776,998
2405,2973,0.460622,1191
2405,2974,0.624190,1079
2406,2407,0.258361,129
2407,2408,0.640298,558
2407,3061,0.787842,227
2407,4124,0.451097,998
2408,2409,0.634139,558
2409,2410,1.034992,998
2409,3041,0.599419,1237
2409,4124,0.825571,998
241,242,0.627562,634
241,4191,0.215909,1094
2410,2411,0.709112,998
2410,3056,0.559081,249
2411,2412,0.449507,998
2412,2413,0.522484,998
2413,3744,1.371952,558
2413,3745,1.913000,998
2413,4123,1.091418,939
2415,3181,0.460530,253
2415,3951,0.441493,1132
2416,2417,0.581892,135
2416,938,0.560893,135
2417,2418,0.675803,135
2418,2419,0.270444,135
2419,2420,0.405475,135
2419,4085,0.769646,879
242,243,0.156834,634
2420,334,1.409456,135
2421,2422,0.540597,337
2421,4144,0.552502,17
2422,2423,0.505199,337
2423,2424,0.564582,337
2423,4144,0.495178,17
2424,2425,0.201890,337
2424,3736,0.456009,564
2425,2426,0.347340,337
2425,3049,0.650722,772
2425,3264,0.472680,772
2426,3264,0.125395,283
2426,330,0.239628,1214
2426,332,0.510145,1214
2426,449,0.504248,1233
2429,3254,0.507506,562
2429,680,0.967905,1045
243,244,0.480555,634
243,3302,0.558593,549
2430,2431,0.123861,562
2430,2432,0.389772,1045
2431,2432,0.297653,742
2431,3664,0.560515,742
2431,4127,0.355227,951
2432,2433,0.261099,742
2432,2434,0.446795,1045
2433,2434,0.185733,742
2434,2435,0.464586,1045
2435,3645,0.537813,742
2436,4296,0.731827,213
2437,2438,1.304055,599
2438,930,0.482640,599
2439,408,0.699830,284
2439,410,0.549682,284
244,245,0.291941,634
2441,651,0.714727,1132
2441,910,0.285293,1132
2441,911,0.320900,1204
2445,806,0.476097,134
2446,502,10.952135,136
2446,503,9.498103,136
2447,2448,0.250189,836
2447,2449,0.917825,687
2447,3336,1.099499,1169
2447,4299,0.250189,256
2447,4337,1.099499,969
2447,745,0.726690,310
2447,959,0.974370,256
2448,2449,0.667812,836
2449,2586,0.582898,256
2449,2814,0.638252,406
2449,4296,0.385642,213
2449,4299,0.667812,256
245,246,0.519678,634
245,3302,0.213857,549
245,3632,0.340884,494
2450,3088,0.271936,229
2450,3391,0.461195,1251
2451,833,0.621281,1045
2451,835,0.252711,1045
2452,2453,0.363431,787
2452,836,0.327081,787
2453,2454,0.394980,787
2454,2455,0.512079,787
2455,2456,0.335453,787
2456,2457,0.511590,787
2457,2458,0.268514,787
2458,2459,0.636508,787
2459,881,0.646069,787
246,247,0.475112,602
246,248,0.902424,68
246,26,0.509596,989
2460,3857,0.853789,836
2460,891,0.505922,787
2460,892,0.325108,787
2462,907,0.368967,545
2462,909,0.305537,545
2463,715,0.288589,797
2464,4293,1.529776,138
2464,721,1.529776,421
2466,2628,0.564838,769
2466,3043,0.656628,225
2467,2673,0.565945,416
2467,4324,0.562731,924
2467,457,0.562731,386
2467,458,0.342513,689
2467,459,0.356749,924
2468,2469,0.406608,1045
2468,323,1.041141,732
2468,661,0.416730,571
2469,324,0.435588,1231
247,248,0.435812,271
2470,2471,0.918934,139
2470,3496,0.568423,376
2470,440,0.611810,1234
2471,2472,0.898560,1150
2471,3008,0.646429,469
2471,3009,0.429185,1146
2471,4142,0.674729,1146
2472,3009,0.479251,1146
2472,441,0.524760,1150
2472,442,0.900890,139
2473,2474,0.436544,533
2474,3166,1.646140,765
2474,927,1.214842,533
2475,2476,0.764618,141
2475,476,0.753582,350
2475,943,0.413664,141
2476,2477,0.413755,141
2477,2478,0.882618,141
2478,2479,0.202409,141
248,249,1.641458,68
248,3230,0.907466,271
2480,2481,0.496575,141
2481,2482,0.361360,141
2481,4182,0.362822,1079
2482,2483,0.636426,141
2483,2484,0.500381,141
2483,3405,0.232117,1191
2483,4182,0.634932,1079
2483,4306,0.500381,417
2484,2485,0.222659,141
2484,3406,1.157661,715
2484,4306,0.000000,417
2484,866,1.159323,229
2485,2486,0.483598,141
2486,2487,0.777722,141
2486,4183,0.252915,1079
2487,2488,0.596455,141
2488,2489,0.296823,141
2489,2490,0.223580,141
249,250,0.643377,68
249,3035,1.187791,224
2490,2491,0.473567,141
2491,2492,0.344528,141
2492,2493,1.202865,141
2492,2829,0.630618,185
2493,2494,0.600068,141
2494,2495,0.466593,141
2495,2496,0.520140,141
2496,2497,0.331140,141
2497,2498,0.380565,141
2498,2499,0.458241,141
2499,2500,0.632264,141
25,26,0.597496,631
25,27,1.120090,859
25,3535,0.695772,404
250,251,0.790705,68
2500,2501,0.473943,141
2501,2502,0.668474,141
2502,2503,0.342633,141
2503,2504,0.514406,141
2504,2505,0.388446,141
2505,2506,0.361504,141
2506,2507,0.815134,141
2506,2508,1.287196,185
2507,2508,0.510851,141
2508,4307,0.338911,417
251,252,0.797045,9
251,2925,0.811689,201
2511,2512,0.369299,892
2511,627,0.510647,442
2512,2513,0.548147,892
2513,2514,0.766765,892
2513,3034,0.466308,442
2513,3562,0.467183,419
2513,4056,0.180653,840
2513,4340,0.466308,1065
2514,2515,0.566950,892
2514,3034,0.302346,442
2514,3303,0.189416,840
2515,2516,0.651024,892
2515,3034,0.868870,304
2515,3303,0.450899,419
2515,3727,0.444254,539
2516,2517,0.275485,892
2517,2518,0.313953,892
2518,2519,0.469984,892
2519,2520,0.523634,892
2519,3017,0.566218,797
252,253,2.040352,9
2520,2521,0.338988,892
2521,2522,0.364359,143
2521,3016,1.388695,217
2522,3113,0.463272,649
2522,530,0.502904,1043
2523,2524,1.117601,469
2524,3629,0.479272,469
2525,2526,0.715292,603
2525,381,0.220950,603
2526,2527,0.340693,603
2527,2528,0.496031,603
2528,2529,0.450061,1045
2528,3759,0.610096,1045
2528,3908,0.287126,706
2529,2530,0.329163,562
2529,2531,0.493666,1045
253,254,0.418354,9
2530,2531,0.164510,562
2531,2532,0.372594,1045
2532,2533,0.569791,1045
2532,2731,0.577719,912
2532,2733,0.389854,912
2533,2534,0.456369,1045
2534,2535,0.403895,1045
2535,2536,0.438772,562
2535,677,0.593632,1045
2536,3911,0.458092,706
2536,677,0.156454,562
2537,3441,0.489840,590
2537,41,0.331466,1003
2537,42,0.365021,1003
2538,2539,0.150430,452
2538,2540,0.625783,1075
2538,3607,0.233601,452
2539,2540,0.478800,452
254,255,0.255362,9
2540,2541,0.451507,145
2540,3608,0.235682,452
2541,2542,0.473773,145
2541,2987,0.442383,452
2541,3608,0.441650,452
2541,4015,0.432629,616
2542,2543,0.353532,145
2542,4115,0.429730,922
2543,2544,0.845354,452
2543,2913,0.372790,195
2543,2987,0.346476,452
2543,4116,0.966556,922
2544,2545,0.498566,452
2545,4239,0.735682,1199
2546,502,1.365674,1200
2546,503,0.295825,1200
2547,2548,0.405474,657
2547,3228,0.396483,657
255,256,1.094420,9
2550,805,0.985677,858
2552,2553,0.472920,858
2552,2554,0.722556,615
2552,808,0.915291,615
2553,2554,0.250626,858
2554,2555,2.101107,858
2555,2556,0.220738,649
2555,3822,0.447354,649
2555,4099,0.368867,883
2556,2557,0.311269,649
2557,2558,0.511065,649
2558,2559,0.373111,649
2559,2560,0.382871,858
2559,824,0.461900,649
256,257,0.354875,9
2560,294,0.439001,883
2560,3846,0.248921,657
2560,825,0.586088,858
2561,297,0.460488,883
2561,299,0.478305,883
2563,2564,0.601048,148
2563,26,1.241220,148
2563,3535,0.781160,404
2564,2565,0.268014,148
2564,2566,0.997478,621
2565,2566,0.729628,148
2566,2567,1.587562,148
2566,2580,1.510905,621
2566,285,1.465505,530
2566,3536,0.672311,404
2567,2568,0.578759,148
2567,3536,0.915354,404
2568,2569,1.240621,148
2569,2570,0.782029,148
257,258,0.777171,9
2570,3873,1.042945,1252
2573,2574,0.180390,148
2574,2575,0.461452,148
2575,2576,0.579879,148
2575,2577,0.698829,165
2576,2577,0.131382,148
2576,3331,0.261708,311
2577,2688,0.418776,810
2577,3768,0.279943,810
2578,3502,0.282096,379
2579,2915,0.253073,201
2579,292,0.258979,149
2579,826,0.621831,681
258,259,1.141719,9
2580,2581,0.359038,149
2581,2582,1.279530,149
2582,2583,0.776943,149
2584,957,0.549099,256
2586,2587,0.681588,256
2587,2588,0.261490,256
2587,3504,0.398617,379
2587,4226,0.685472,1158
2588,2589,0.546988,256
2588,3330,0.547242,684
2588,3505,0.545442,379
2589,4300,0.231068,256
259,260,1.129206,9
2590,2591,0.535851,924
2590,4117,0.015680,1175
2591,2592,0.432518,924
2591,4117,0.522216,1026
2592,2611,0.422231,155
2593,967,0.569135,846
2594,2595,0.669319,1057
2595,2596,1.134976,1057
2597,2598,2.412795,154
2598,2599,0.979553,154
2598,2898,0.739139,997
2598,426,0.984265,997
2599,2600,0.318243,154
26,27,0.534348,631
26,3535,0.491831,1252
260,261,0.307131,9
2600,2601,0.616899,355
2601,2602,0.795974,355
2602,2603,0.298076,355
2602,3812,0.389046,606
2603,2604,0.686712,355
2603,3812,0.091878,964
2604,3812,0.599592,964
2604,89,0.309121,606
2605,2606,0.183759,822
2605,997,0.579611,822
2606,2607,0.365537,822
2606,2608,0.886159,979
2606,3655,0.260510,494
2606,543,0.400165,494
2607,2608,0.522259,822
2608,2609,0.402000,822
261,262,0.511533,9
261,3881,1.236762,1217
2610,3356,0.764417,639
2610,951,0.463733,1150
2611,2612,0.259344,1237
2611,3322,0.355122,1237
2612,2613,0.157071,1237
2613,2614,0.142109,1237
2615,2629,0.672875,385
2616,2617,1.385126,156
2616,2661,1.474207,685
2616,2797,0.778617,685
2617,2618,0.446071,156
2618,2619,0.515739,416
2618,3141,0.979523,416
2619,2620,0.304171,416
262,263,0.240405,9
2620,2621,0.446052,235
2620,3127,0.306463,235
2621,2622,0.819346,235
2621,2661,0.891526,1116
2621,4110,1.001287,910
2622,2623,1.210866,1114
2622,4322,0.395332,1114
2623,4342,1.662669,1114
2625,3040,0.790243,1121
2627,2628,0.278829,1121
2629,322,0.486039,879
263,264,1.377497,9
2630,2631,0.498664,825
2631,2632,0.435082,825
2634,2635,0.589727,916
2634,2654,0.283901,235
2634,3114,0.587780,849
2635,2636,0.319317,916
2635,4318,0.589727,1062
2636,2637,0.305477,916
2637,2638,0.541925,916
2638,2639,0.340878,916
2639,2640,0.442896,916
2639,510,1.134591,1034
264,265,1.012690,9
264,765,3.177037,681
2640,2641,0.375765,197
2640,612,0.252327,1031
2640,639,0.235939,916
2641,2642,0.402371,1114
2641,638,0.286030,1114
2642,2643,0.391628,1114
2643,2644,0.625462,558
2643,2656,0.403351,1114
2646,2647,0.467976,1188
2646,447,0.405563,757
2647,2648,0.690393,1188
2648,2649,0.603721,1188
2649,3505,0.572160,379
265,266,0.314880,9
2651,2652,0.344525,836
2651,3221,0.600545,283
2651,3857,0.701428,836
2652,2653,0.423104,836
2652,3222,0.474245,268
2653,709,0.143804,836
2654,4318,0.283901,518
2654,710,0.343742,518
2656,2657,0.395317,1114
2657,2658,0.509081,162
2657,3119,0.654698,1114
2658,2659,0.678179,162
2659,2660,1.518547,162
266,267,0.110447,9
2660,2661,0.916488,162
2661,3141,0.998828,367
2661,593,1.689293,570
2662,2663,0.424495,1120
2662,53,0.228216,1120
2663,2664,0.244658,1120
2664,2665,0.420989,1120
2665,2666,0.296338,1120
2666,2667,0.357957,1120
2667,2668,0.673976,1120
2668,2669,0.496587,1120
2669,2670,0.390820,1120
267,268,1.069668,9
2670,2671,0.870995,1120
2673,456,0.893525,560
2673,458,0.224624,560
2673,459,0.922644,254
2674,2675,0.589497,312
2674,3244,0.578544,1007
2675,2676,0.349959,312
2676,2677,0.557675,489
2676,3244,0.360865,489
2677,2678,0.286969,489
2678,2679,0.570160,489
2679,2680,0.590090,489
268,269,0.444894,9
2680,2681,0.911913,489
2680,3511,0.918220,1135
2681,2682,0.347765,312
2681,3523,0.339667,489
2682,2683,1.291947,312
2682,4192,0.891910,1095
2682,4220,0.849747,1142
2683,2684,0.383467,312
2683,3245,0.445297,489
2683,3523,1.300918,489
2684,2685,0.336236,312
2685,2686,0.724919,489
2685,3245,0.274454,489
2685,3246,0.883252,279
2686,2687,0.569044,489
2686,3524,0.713930,560
2687,3246,0.421003,279
2687,3871,0.597006,661
2687,482,0.580015,489
2688,2689,0.302293,810
2688,3598,0.529080,573
2689,2690,0.424526,810
2690,2691,0.235104,810
2691,2692,0.524489,810
2692,2693,0.335501,810
2694,2799,0.342141,184
2694,2800,0.633737,729
2694,68,4.625578,729
2695,435,0.669509,166
2695,437,0.343096,166
2696,2697,0.534542,764
2696,4028,0.449783,1254
2697,2698,0.489968,764
2698,2699,0.805101,764
2699,2700,0.560265,764
27,28,0.719348,859
27,3295,0.633887,289
27,935,0.787228,34
270,271,0.143816,68
270,2856,0.333958,559
2700,2701,0.362287,764
2701,2702,0.391319,166
2701,3922,0.442982,764
2701,4033,0.348881,1254
2702,2703,0.246752,166
2703,2704,0.617212,166
2704,2705,0.372032,166
2706,3110,0.825616,314
2707,2708,0.494834,166
2707,791,0.484634,1031
2709,520,0.442790,211
271,2856,0.472409,252
2710,2711,0.216631,340
2716,2717,0.396846,1016
2717,2718,0.728009,168
2717,4146,0.727827,1016
2718,2719,0.405886,1094
2718,2978,0.359958,1094
2718,3499,0.434320,1162
2719,2720,0.468708,1094
2719,3498,0.454596,1176
2719,3500,0.394494,1176
2719,4146,0.408350,1016
272,273,0.385613,412
2720,2721,0.393507,1016
2720,3499,0.437433,1162
2722,2723,0.290217,831
2722,515,0.412863,831
2723,2724,0.462743,540
2723,2878,0.369385,229
2723,3774,0.313783,831
2724,2725,0.423384,540
2726,797,0.634566,1094
2727,681,0.335386,545
2727,797,0.512527,168
2728,2729,0.410167,1006
2728,3936,0.473984,759
2728,676,0.806656,1006
2729,2730,0.457252,1094
273,274,0.775991,412
273,301,0.774923,172
2730,2731,0.390211,1094
2731,2732,0.582940,1094
2732,2733,0.392383,1094
2733,2734,0.206208,1094
2734,2735,0.218332,1094
2735,2736,0.354062,1094
2736,2737,0.546529,1094
2736,3938,0.354242,759
2736,3939,0.261133,1006
2737,2738,0.271532,1094
2739,2740,0.519975,608
2739,3537,0.294133,405
274,275,0.569215,412
2740,2741,0.406037,271
2740,3233,0.248606,271
2740,3537,0.234613,405
2741,2742,0.517193,271
2742,2743,0.376047,634
2742,3435,0.191034,634
2743,2744,0.492872,634
2743,3435,0.452052,596
2744,2745,0.454626,634
2745,2746,0.463491,634
2746,2747,0.410821,634
2747,2748,0.255855,634
2748,2749,0.684230,634
275,276,0.605863,412
275,301,0.564073,172
2752,2757,1.134613,222
2752,2758,0.754397,222
2752,84,0.712373,170
2752,86,1.109404,170
2755,327,0.274697,1222
2755,328,0.537046,601
2755,3764,1.068655,720
2755,3915,0.227979,1174
2756,2757,0.414857,222
2756,86,0.432491,792
2756,87,0.087381,1058
2756,88,0.826653,792
2757,85,1.058834,1256
2758,83,1.214135,174
2758,85,0.828749,1256
2759,2760,0.271575,387
2759,3032,1.286468,387
276,277,0.256894,412
2760,2761,0.690493,387
2761,2762,0.674470,387
2763,2764,0.240553,857
2763,3057,0.245125,226
2764,2765,1.741537,857
2765,4060,0.490394,857
2766,2767,0.116049,443
2768,2769,1.096348,1114
2768,4307,0.747378,417
2769,2770,0.630201,1114
2769,2771,1.108404,249
277,278,0.873061,412
277,302,0.478868,579
2770,2771,0.489738,1114
2771,2772,0.662505,1114
2773,2774,0.224261,179
2774,2775,0.458400,179
2775,2776,0.251980,179
2776,2777,0.287338,179
2777,2778,0.382296,179
2778,2779,0.405993,179
2779,2780,0.364745,179
278,279,0.169972,412
278,302,0.395888,579
2782,2783,0.629007,179
2782,3420,0.276488,1083
2783,2784,0.679869,179
2784,2785,0.446539,179
2785,2786,0.221589,179
2786,2787,0.381607,179
2787,2788,0.503250,179
2788,456,0.598488,1083
2789,3048,0.858461,1053
279,280,0.542795,412
2790,873,0.178173,579
2790,875,0.409419,855
2794,2795,0.336707,181
2794,3397,0.818390,1018
2794,3398,1.426906,1018
2794,787,1.170487,785
2795,3005,0.835285,1146
2795,3397,1.057983,1188
2795,3398,1.116166,1188
2795,3571,0.788563,593
2795,48,0.677522,1146
2795,50,1.059699,181
2796,52,0.748558,181
2796,54,0.178748,181
2797,3600,1.540586,730
2799,2800,0.408594,459
28,29,0.539831,859
28,30,0.693857,88
28,3632,0.357410,469
280,281,0.282891,412
2800,2801,0.364707,459
2801,2802,0.210129,459
2801,63,0.416984,1208
2802,2803,1.113006,1134
2802,4284,1.222573,656
2802,64,1.222573,729
2802,774,0.276761,459
2803,2804,0.292077,1134
2803,3255,0.227536,282
2803,772,0.529090,282
2804,2805,0.320509,1134
2805,2806,0.290029,1134
2806,2807,0.325849,1134
2807,2808,0.338786,1134
2807,3255,0.536642,282
2808,2809,0.372181,1134
2809,2810,0.229308,1134
281,282,0.545640,412
2810,2811,0.587462,1134
2811,2812,0.879934,1134
2811,3256,0.407314,282
2813,3059,0.127292,724
2814,2815,0.526101,334
2815,2816,0.441767,334
2817,2818,0.575150,1045
2817,3381,0.982057,334
2818,2819,0.338481,1045
2818,2820,0.475031,838
2818,2821,0.754132,437
2819,2820,0.216293,1045
2819,3501,0.518786,378
282,283,0.460979,412
282,284,0.814081,172
282,303,0.348134,579
2820,2821,0.283925,1045
2821,2822,0.501051,1045
2822,2823,0.861212,184
2822,2956,1.017807,437
2822,3060,0.545306,227
2823,3093,0.369807,957
2823,330,0.549254,1151
2823,3323,0.335985,307
2823,4247,0.419683,1225
2823,840,0.850509,184
2824,2825,0.210515,334
2824,3266,0.368338,334
2827,3051,0.220211,652
2828,3705,0.644602,1251
283,284,0.360017,412
2831,4295,1.011070,859
2832,2833,0.244903,859
2832,4295,0.324904,859
2833,2834,0.595817,859
2835,2836,0.382032,916
2835,2968,0.399943,479
2835,3253,0.708490,479
2836,2837,0.357193,187
2836,3110,0.451503,649
2836,3737,0.127339,649
2836,683,0.621038,858
2837,801,0.720502,187
2838,802,0.248784,187
2838,803,0.353941,187
284,285,0.441537,412
284,303,0.469386,579
2840,2841,0.275237,516
2841,2842,0.275012,516
2842,2843,0.327541,516
2844,916,0.399702,1239
2844,918,0.413889,1239
2845,2846,1.673779,187
2845,4158,0.904067,1037
2846,2847,0.999794,187
2847,2848,0.818018,187
2847,4152,1.065985,1204
2848,2849,0.687129,187
2849,2850,0.641645,187
285,286,0.317862,412
2850,2851,1.999649,187
2852,2853,0.857138,559
2852,3359,1.842803,755
2852,755,0.739667,559
2853,2854,1.003442,559
2854,2855,0.486502,559
2855,2856,1.178441,559
2857,2858,0.445502,859
2857,3,0.490401,859
2857,5,0.532335,467
2858,2859,0.463728,859
286,287,0.780784,412
286,3510,0.238383,1133
2860,2861,0.242586,859
2861,2862,1.616415,1185
2861,3460,1.519495,859
2862,2863,0.218245,859
2862,3460,0.123813,859
2863,2864,0.565748,572
2863,3247,1.121626,859
2864,2865,1.309883,572
2866,2867,1.351170,189
2867,2868,0.370269,842
2867,3540,1.365667,842
2868,2869,0.191823,842
2869,2870,0.691607,842
287,288,0.776844,412
2870,2871,0.254443,842
2871,2872,0.496809,842
2872,2873,0.270051,189
2872,3547,0.273903,842
2873,2874,0.472626,189
2874,2875,0.371467,189
2875,3548,0.402360,847
2875,3549,0.116706,847
2877,2878,0.448710,483
2877,2879,0.812532,823
2878,2879,0.363828,483
2878,3761,0.387401,829
2879,4019,1.101377,823
2879,830,0.981939,483
288,289,0.407695,412
2880,2881,0.447680,483
2880,3327,0.215402,385
2881,2882,0.393751,483
2881,3364,0.645305,328
2882,2883,0.300226,483
2883,2884,0.411259,483
2883,2963,0.465991,208
2884,2885,0.445046,483
2884,3328,0.908794,692
2885,2886,0.232142,483
2885,2963,0.391038,208
2886,2887,0.247114,483
2887,2888,0.321728,483
2888,2889,0.313197,483
2889,2890,0.330907,385
2889,2984,0.107256,208
2889,2985,0.375017,483
289,290,0.494709,412
289,3771,0.283029,579
2890,2891,0.365059,483
2890,2985,0.180059,483
2892,2893,0.994622,997
2892,83,1.308305,997
2893,2894,0.404905,997
2894,2895,0.753197,997
2895,2896,0.868600,997
2896,2897,1.157304,997
2897,2898,1.770525,997
2899,2900,0.605366,559
2899,2924,0.152678,984
2899,3813,0.204421,792
29,30,0.154072,859
29,935,0.471917,34
290,291,0.247366,412
290,4207,0.189065,1133
2900,3813,0.401425,792
2900,3814,0.365656,942
2900,753,0.601081,559
2901,2902,0.864109,594
2901,4240,1.228910,1200
2901,496,0.874880,1200
2903,569,0.700736,192
2904,421,0.582926,269
2904,422,0.103088,269
2905,425,0.310380,269
2907,2908,0.564998,683
2907,3712,0.251707,522
2907,549,0.554275,522
2908,2909,0.413614,683
2908,3767,0.324971,569
2909,2910,0.608084,683
291,292,0.446228,69
2910,400,0.441185,683
2911,2912,0.423516,45
2911,402,0.749294,195
2911,4278,0.664587,45
2912,2913,0.222723,294
2912,402,1.149601,294
2913,2988,0.447065,294
2915,2916,1.016375,1188
2916,2917,0.342126,1188
2917,2918,0.555407,549
2917,952,0.558270,1188
2918,2919,0.454622,549
2919,3101,0.300906,1188
2919,381,1.246802,1017
2919,952,0.453507,1188
292,293,0.291776,412
2920,2921,1.299608,197
2920,3525,0.823046,392
2922,2923,0.552234,898
2925,2926,0.587907,201
2926,2927,0.447163,201
2927,2928,0.361275,201
2928,2929,0.506140,201
2929,2930,0.222822,201
293,304,0.111498,1075
293,3436,0.507318,829
293,4208,0.260647,1133
293,955,0.363856,467
2930,2931,0.823793,201
2931,2932,0.371130,201
2933,428,0.345530,359
2933,429,1.002375,359
2934,2935,1.438458,953
2935,2936,0.875431,764
2935,3175,0.512870,764
2937,2938,1.089198,204
2938,2939,0.548227,204
2939,556,0.901843,204
294,295,0.273517,883
294,4264,0.494513,1252
2941,2942,1.239235,204
2941,4051,0.999870,45
2941,408,1.604955,242
2941,4277,0.858983,204
2942,4051,0.253163,45
2942,408,0.487458,867
2942,558,1.461167,867
2942,981,0.206411,204
2943,2944,0.373244,761
2944,2945,1.070989,761
2944,3465,0.681691,361
2944,3625,0.308266,964
2944,3738,0.774714,549
2945,2946,0.191755,761
2945,3625,0.762780,463
2945,3738,0.296300,549
2946,2947,0.533451,761
2947,2948,0.210954,761
2948,2949,0.608789,761
2948,3468,0.998371,361
2949,2950,0.679998,761
295,296,0.434370,883
2950,2951,0.113598,761
2950,2952,0.558923,361
2951,2952,0.445372,761
2952,2953,0.353543,761
2953,2954,0.485537,761
2953,3469,0.411799,361
2954,2955,0.162058,761
2955,631,0.349150,761
2956,3060,0.808521,935
2956,3264,0.249438,772
2956,3265,0.446790,772
2956,841,0.879951,437
2957,2958,0.993749,437
2957,4209,0.411078,1135
2957,841,0.643578,437
2958,4210,0.208089,1135
2958,4211,0.270211,1135
296,297,0.391140,883
296,3002,0.248878,469
296,3003,0.668775,336
296,820,0.502535,1150
2960,2961,0.230580,1111
2960,3380,0.365402,1111
2961,2962,0.276216,1111
2962,2963,0.354333,1111
2963,2964,0.441365,1111
2963,3299,0.848210,290
2964,2965,0.330620,1111
2969,2970,0.735124,207
2969,3730,0.351053,1164
2969,3862,0.503330,829
2969,4025,0.360487,829
297,298,0.450037,885
297,956,0.461734,467
2970,2971,0.383732,657
2970,3862,0.237280,657
2971,2972,0.534238,657
2972,46,0.642503,1046
2972,671,0.265859,657
2973,2974,0.297105,564
2976,2977,0.549195,208
2977,2978,0.194907,564
2977,3552,0.387272,564
2977,3588,0.782168,1094
2978,3552,0.511934,415
2979,2980,0.699416,564
298,299,0.489211,885
2980,2981,0.297719,564
2981,353,0.556906,877
2984,2985,0.291023,208
2986,2987,0.314661,209
2986,4015,0.366997,899
2986,4235,0.341822,1199
2987,2988,0.446612,209
2988,2989,0.482494,209
2989,2990,0.593649,209
299,300,0.470115,467
299,3304,0.617505,1226
299,3567,0.455274,883
299,48,0.459861,885
299,49,0.409552,412
299,668,0.621356,1065
299,956,0.476770,467
2990,2991,0.122703,209
2993,527,0.202924,733
2993,727,0.330832,733
2994,2995,0.605830,733
2994,727,0.284671,733
2995,3347,0.492183,497
2996,72,1.682338,419
2996,74,0.527284,638
2997,75,0.895356,1239
3,4,0.281668,631
3,4291,0.130684,681
30,31,0.443651,1045
30,935,0.625942,1045
300,3385,0.697719,1224
300,3567,0.333524,883
300,3571,0.974707,704
300,3614,0.432699,1195
300,48,0.024677,10
300,668,0.252553,1031
300,669,0.614133,1014
300,750,0.427048,27
300,751,0.197404,328
300,788,0.305196,1257
300,818,0.461042,69
3002,3003,0.455417,469
3003,3004,1.054291,213
3003,3385,1.357649,469
3003,820,0.421663,1150
3004,3005,0.862775,213
3005,3006,0.278852,1146
3005,3007,1.105070,213
3005,3008,2.312478,336
3005,3385,0.566938,469
3005,4142,2.243128,1150
3006,3007,0.848644,1146
3007,3008,1.314900,469
3007,4142,1.224932,1146
3008,4142,0.111622,1128
3010,3011,0.315090,512
3011,3012,0.947509,512
3012,3193,1.318068,512
3013,3014,1.320625,215
3013,577,0.807516,215
3015,3016,1.083284,217
3015,4293,0.588916,217
3015,721,0.588916,797
3016,3017,0.509829,797
3016,529,1.392748,951
3019,3873,0.505527,662
3020,4283,0.403114,372
3020,48,0.403114,1146
3020,669,0.293361,218
3021,3022,0.151323,372
3022,3023,0.443003,1092
3022,3486,0.729539,372
3023,3024,1.507045,219
3023,4001,0.737932,1092
3024,3025,0.719029,1092
3024,4001,0.769860,1092
3026,4100,0.563792,893
3027,3028,1.727612,222
3028,3029,1.201418,222
3029,3030,1.040595,222
3030,3031,0.296341,222
3032,3723,0.349533,588
3034,3303,0.463125,299
3034,4340,0.000000,1065
3036,3037,0.584093,535
3037,3038,0.655356,535
3038,3039,1.751615,535
3039,3687,0.467587,872
304,305,0.531543,100
304,3235,0.102625,273
304,826,0.452777,1215
304,955,0.468115,100
3040,3041,0.381992,1053
3041,3042,1.180337,1237
3042,3054,0.781036,909
3042,3974,0.471995,781
3042,4177,0.494408,1053
3042,4187,0.308240,1079
3043,3044,0.402094,225
3044,3045,0.641965,225
3045,3046,0.291236,225
3046,3047,0.946477,1053
3046,4180,0.254107,1053
3047,3048,0.753524,1053
3049,3736,0.426872,877
3049,3965,0.227105,772
305,306,0.228292,100
305,827,0.541418,717
3050,3051,0.555049,939
3052,3053,0.549258,939
3053,3054,0.329402,909
3053,3974,0.342610,1191
3054,3055,0.323853,750
3055,3056,0.495142,750
3060,329,0.577320,935
3060,452,0.360614,227
3061,3062,0.324037,227
3062,3063,0.372837,227
3063,3064,0.161099,227
3064,3065,0.775537,227
3067,889,0.605025,228
307,308,1.021135,81
3070,895,0.259894,421
3070,896,0.280158,421
3071,3072,0.574838,892
3071,621,0.508461,892
3072,629,0.519471,876
3073,3074,0.097940,229
3073,724,0.416942,319
3074,3075,0.601823,714
3074,3307,0.373605,714
3074,3347,0.377151,415
3075,3076,0.414751,714
3076,3077,0.334984,714
3077,3078,0.403752,714
3078,3079,0.331369,714
3079,3080,0.332023,714
308,309,1.325774,81
3080,3081,0.672271,714
3081,3082,0.456780,714
3082,3083,0.445948,714
3083,3084,0.384997,714
3084,3085,0.278672,714
3085,733,0.382162,714
3088,3089,0.478408,229
3089,3090,0.979747,229
309,310,0.393127,81
3090,3091,0.606520,229
3090,3382,0.672488,1251
3090,3498,0.875569,957
3091,3092,0.397878,229
3092,3093,0.389672,229
3092,3501,0.360957,378
3093,330,0.588120,229
3094,3095,0.985978,229
3094,456,0.418900,229
3095,3096,0.894337,229
3096,3097,0.701073,229
3096,3389,0.776891,376
3096,3493,0.679219,715
3097,3098,0.800670,1111
3097,3387,0.805647,337
3097,3388,0.638864,337
3098,3493,0.814792,715
3098,3912,0.581037,715
3098,4196,0.181247,1111
3098,865,0.744642,229
31,32,0.418145,1045
310,311,0.398980,81
3100,957,1.087910,969
3101,4221,0.680929,1145
3102,3103,0.935306,626
3103,3104,0.998205,626
3105,3106,0.550790,233
3106,3308,1.516483,382
3106,569,1.985295,974
3106,571,0.418926,974
3109,69,1.117537,305
311,312,0.667047,81
3110,3111,0.674264,649
3111,3112,0.361572,649
3112,3113,0.308597,649
3114,3115,0.181652,849
3114,4318,0.587780,1114
3115,3116,0.363970,849
3116,3117,0.303789,849
3117,3118,0.487367,849
3118,511,0.504995,849
3118,637,0.451066,1114
3119,3120,0.143696,1114
312,313,0.533880,81
3120,3121,0.201637,1114
3121,3122,0.420071,1114
3122,3123,0.442616,1114
3123,3124,0.426537,1114
3124,3125,0.729644,235
3124,599,0.322895,1114
3125,3126,0.665142,235
3126,3127,0.593864,235
313,314,0.925788,81
3133,371,0.752065,1115
3136,3137,0.432274,237
3137,3138,0.524315,237
3139,3140,1.602001,367
314,315,0.558927,135
314,335,0.943914,135
3140,3141,1.047721,367
3140,3900,0.791156,695
3141,3557,0.684098,416
3141,3600,0.881011,445
3141,4110,0.886056,910
3144,3145,0.359652,631
3144,3362,1.116137,1168
3144,3363,0.275214,631
3145,3146,1.102508,631
3146,3147,0.242660,631
3147,3148,0.415377,631
3148,3149,2.047664,631
3149,586,0.836002,631
315,316,0.542765,135
3151,835,1.430833,340
3151,837,0.594754,1267
3151,838,0.018046,244
3151,839,0.543823,1267
3152,3153,1.302105,507
3153,3247,0.923484,507
3155,3156,1.335169,871
3156,3157,0.791576,871
3157,3158,0.899027,423
3157,576,1.653533,507
3158,579,0.505752,423
3159,829,0.347090,1267
316,317,0.424685,135
3160,3161,0.702350,999
3160,838,0.910055,999
3161,3162,0.890315,999
3162,3163,0.354973,249
3162,4133,0.257731,999
3163,3164,0.613533,249
3164,3165,0.559090,249
3167,3168,0.410665,1212
3168,3169,0.572205,1212
3169,968,1.424413,1212
317,318,0.498081,135
3170,3171,1.042529,764
3170,436,0.503920,764
3171,3172,0.603314,764
3172,3173,1.235849,764
3173,3174,1.077478,764
3174,3175,0.320854,764
3177,630,0.858139,523
318,319,0.409857,879
318,466,0.611780,135
3181,3182,0.589511,253
3184,514,0.319476,456
3184,830,0.740078,255
3186,3187,1.301517,527
3188,3189,1.021465,258
319,320,0.485766,879
3190,3191,0.672527,261
3191,3192,1.249257,261
3192,3193,0.624520,261
3193,3194,0.599185,261
3194,3195,0.481954,261
3194,363,0.434845,261
3195,3196,1.843122,261
3196,367,2.146618,261
3197,3198,0.571042,261
3197,367,0.213292,261
3198,369,1.914392,261
3199,3200,0.386483,261
32,33,1.136096,1045
32,951,1.007808,467
320,321,0.678641,879
320,465,0.583736,924
3200,3201,0.223042,261
3204,3205,0.685807,267
3205,3206,0.627819,267
3206,3207,0.278277,267
3207,3208,0.351132,267
3208,3209,0.714404,267
3209,3210,0.386076,267
321,322,0.602667,70
321,4280,0.000000,66
321,4281,0.602667,66
3210,3211,0.242967,267
3211,3212,0.225804,267
3212,3213,0.160285,267
3213,3214,0.278355,267
3214,3215,0.379088,267
3215,532,0.138065,267
3216,3217,0.345082,268
3216,521,0.432372,268
3217,3218,0.558704,268
3218,3219,0.426179,733
3218,3553,0.862344,733
3219,3220,0.361038,733
3219,524,0.696619,547
322,323,0.387658,70
3220,524,0.335690,733
3221,3222,0.473437,268
3222,625,0.387012,1218
3223,3313,0.634812,1121
3223,650,0.588859,939
3224,3225,0.338092,657
3224,775,0.439036,657
3225,3226,0.246410,657
3226,3227,0.406053,657
3227,3228,0.652434,657
323,324,1.113419,70
3230,3231,0.359325,271
3231,3232,0.563466,271
3232,3233,0.462017,271
3234,532,0.740064,976
3234,804,0.408387,319
3235,955,0.370684,1150
3237,3238,0.201221,638
3238,3239,0.182395,638
3239,3240,0.092226,638
324,325,0.251565,70
324,662,0.159751,772
3240,3241,1.045739,638
3241,3242,1.003839,638
3241,3623,0.832316,1096
3242,3243,1.681918,638
3243,3770,0.871891,575
3244,465,0.483024,489
3244,466,0.600742,1007
3245,3524,0.285404,560
3247,3248,0.377609,859
3248,3539,0.638408,467
3248,575,0.636565,859
3249,576,1.446897,859
3249,578,1.068753,859
3249,579,1.222559,467
325,326,0.603813,70
325,661,0.404728,986
3250,3251,0.224760,479
3250,3644,1.211006,479
3250,3669,0.360269,498
3251,3252,0.540811,479
3252,3253,0.259376,479
3254,680,0.489030,562
3256,3257,0.402818,282
3257,3258,0.221583,282
3258,3259,0.292689,282
3258,3340,0.235339,312
3258,3341,0.388145,312
3259,3260,0.551313,282
326,327,0.315818,70
3260,3261,0.586126,282
3263,3613,1.079722,602
3263,780,0.149570,785
3263,781,0.253396,785
3265,841,0.446274,772
3268,3269,0.400555,839
3269,3270,0.624731,839
327,328,0.773958,772
3270,3271,0.983889,283
3270,4052,0.821464,839
3270,4103,0.822994,1191
3271,3280,1.327306,336
3272,3273,0.658280,539
3273,3274,0.443822,539
3274,3275,0.621210,539
3275,3276,0.719154,709
3275,3301,0.509124,539
3277,3278,0.748785,288
3277,765,1.096699,288
3277,934,0.191209,346
3278,3279,0.721932,288
328,329,0.431006,1094
328,3326,0.309214,1121
328,343,0.715901,1214
328,3965,0.411007,772
3280,3281,0.798389,289
3280,4052,1.489915,839
3280,4053,0.793978,839
3280,4103,1.487923,1191
3280,721,0.215836,289
3281,3282,1.197180,289
3281,3727,0.662883,1079
3282,3283,0.449538,839
3282,3727,0.590837,539
3282,4053,1.199729,839
3283,3284,0.472863,839
3284,532,0.980239,289
3285,3286,0.474329,289
3286,3287,0.424750,289
3287,3288,0.120206,289
3287,3778,0.273637,598
3288,3289,0.229472,289
3289,3290,0.291431,289
329,330,0.975789,1214
329,3586,0.364805,1094
3290,3291,0.486052,289
3291,3292,0.197052,289
3292,3293,0.333957,289
3293,3294,0.230292,289
3294,390,0.199941,289
3295,3296,0.370699,1094
3296,3297,0.391140,1094
3296,3789,0.322808,593
3298,3299,0.663086,290
33,3356,0.957464,1003
33,34,0.620409,1045
330,331,0.214834,229
330,4345,0.214061,1196
330,450,0.230290,1151
3300,3964,0.422866,1111
3303,3562,0.461312,419
3303,3726,0.425033,539
3304,48,0.278811,714
3307,723,1.197469,714
331,332,0.534831,173
331,451,0.361658,229
3313,3314,0.562735,1121
3314,3315,0.303279,1121
3315,3316,0.322582,1121
3316,3317,0.253786,1121
3317,3318,0.154636,1121
3318,3319,0.429594,1121
3318,4176,0.862502,1053
3319,3320,0.602307,1121
332,4345,0.535591,1196
3320,3321,0.255025,1121
3323,3324,0.480425,337
3324,3325,0.369508,337
3324,3501,0.320619,415
3326,343,0.489035,1121
3326,344,0.555472,1195
3326,4018,0.298386,138
3328,3329,0.637568,692
333,334,0.914561,13
3330,4300,0.230734,310
3331,3332,0.770552,961
3332,3333,0.352859,961
3333,3334,0.526438,961
3334,3335,0.375734,961
3335,57,0.352267,1071
3335,781,0.519192,961
3336,3616,0.830971,459
3336,958,0.443000,459
3336,959,0.125502,635
3336,960,0.830796,1221
3337,3338,0.322754,312
3337,770,1.225875,312
3338,3339,0.338653,312
3339,3340,0.279022,879
3339,4087,0.629374,879
334,335,0.284728,135
334,4085,1.048280,879
3340,3877,0.222871,879
3340,3878,0.327972,664
3341,3342,0.325843,312
3342,3343,0.701389,312
3342,3875,0.759383,879
3342,3876,0.302403,879
3347,3348,0.296233,497
3350,3351,0.842156,1003
3351,3352,0.380533,1003
3352,3353,0.378306,1003
3353,3354,0.507272,1003
3354,3355,0.445703,1003
3355,3356,0.518148,1003
3356,381,0.197241,706
3359,3360,1.814614,321
336,663,0.699956,840
336,664,0.187512,770
3360,757,0.877377,321
3361,3362,1.107566,631
3361,949,0.337800,631
3362,3363,0.843828,631
3364,3365,0.387852,328
3365,3366,0.224664,328
3366,3367,0.179658,328
3367,3368,0.300942,328
337,338,0.687530,128
337,3825,0.253105,840
337,664,0.482240,302
3370,3371,0.703507,1193
3370,3788,0.362296,1193
3372,3373,0.418683,331
3373,3374,0.769196,331
3374,3375,1.003224,331
3375,4234,0.649640,1190
3376,3377,0.314219,1111
3377,3378,0.267208,1111
3378,3379,0.127359,1111
3379,3380,0.241458,1111
338,3383,0.136193,336
338,339,0.172478,128
3381,3382,0.687243,334
3382,4257,0.432584,1251
3382,840,1.188859,334
3383,339,0.308541,943
3383,664,1.026047,750
3386,3962,0.083389,768
3386,866,1.073114,337
3386,868,0.275804,609
3387,3493,0.819213,752
3388,3389,0.842708,337
3388,3493,0.616403,752
3389,3390,1.359654,752
3389,3494,0.978036,376
339,340,0.645364,135
3390,340,0.511720,976
3390,3494,0.381712,976
3392,514,0.424906,337
3394,3395,0.857597,1188
3394,3570,0.567683,704
3394,440,0.447492,901
3395,3396,0.964866,1188
3395,3570,0.292005,704
3396,3397,0.986479,1188
3397,3571,0.286128,704
3398,3573,0.345979,444
3398,4309,1.105104,444
3398,820,0.378945,1188
3399,358,0.771964,339
3399,747,0.457303,1215
3399,748,0.468073,1215
3399,958,0.836941,667
34,35,0.301106,1045
340,341,0.473702,1121
340,3494,0.893033,376
340,456,0.576909,1121
3401,3402,0.497902,742
3402,3403,0.608746,742
3405,3406,1.017665,1191
3406,3912,0.439379,715
3407,3408,0.401916,1191
3408,3409,0.364372,1111
3408,4196,0.281551,1111
3409,3410,0.620458,1111
341,342,1.273997,1121
3410,3411,0.218761,1111
3411,3412,0.400156,1111
3412,3413,0.403007,1111
3412,4185,0.292062,1079
3413,3414,0.264009,1111
3414,3415,0.416496,1111
3415,3416,0.227534,1191
3415,4186,0.485815,1111
3416,3417,0.523234,1191
3416,3520,0.266809,1083
3417,3418,0.499132,1191
3418,3419,0.158822,1191
3418,852,0.158963,1083
3419,3420,0.630372,1191
3419,851,0.697270,1222
3419,853,0.170105,1222
342,343,0.326719,1121
3420,852,0.615348,1083
3421,3422,0.413409,742
3421,670,0.760657,353
3421,936,0.280911,540
3422,3423,0.503143,742
3423,3424,0.169190,540
3423,3729,0.689601,699
3423,3863,0.141117,742
3424,3729,0.527133,540
3424,3847,1.203320,628
3425,3426,0.520034,634
3426,3427,0.200724,634
3427,3428,0.463633,634
3428,3429,0.351320,353
3428,3639,0.331867,634
3428,3795,0.368532,596
3429,3430,0.404540,353
343,344,1.027399,135
343,4018,0.687001,1083
3430,3431,0.255563,353
3431,3432,0.336493,353
3432,3433,0.753078,353
3433,3434,0.268112,353
3434,3435,0.438629,353
3435,3642,0.499303,634
3436,3437,0.408300,649
3436,826,0.250571,649
3437,3438,0.273270,649
3438,3439,0.303911,649
3438,4025,0.246353,829
3439,3440,0.287639,355
3439,3441,0.433978,649
3439,3729,0.359171,699
3439,3848,0.151262,628
344,345,0.280241,1064
3440,3441,0.156246,355
3440,3730,0.373339,837
3440,3862,0.741967,1254
3441,42,0.719049,355
3441,676,0.793356,649
3442,3443,0.463338,1105
3443,3469,0.574440,1105
3444,3445,0.219260,1105
3444,3469,0.336781,1105
3445,3446,0.350217,1105
3446,3447,0.283615,1105
3446,3470,0.221754,361
3447,3448,0.198426,672
3448,3449,0.216981,672
3448,633,0.577814,1123
3449,633,0.363283,672
345,346,0.382342,1064
345,3495,0.380373,809
345,4308,0.380373,707
3451,823,0.440534,1155
3452,3453,0.632782,647
3453,3454,0.285785,647
3454,3455,0.315467,647
3455,3456,0.530089,647
3456,3457,0.407411,647
3457,3458,0.495533,647
3458,3459,0.384356,647
346,347,0.688920,1064
3461,3462,0.517479,361
3462,3463,0.277039,361
3463,3464,0.365461,361
3463,3772,0.303505,579
3465,3466,0.820565,361
3466,3467,0.468133,361
3467,3468,0.348708,361
347,348,0.365057,135
347,3495,0.690914,809
347,4308,0.690914,707
3470,3471,0.680561,787
3470,3532,0.339639,787
3471,3472,0.880010,361
3472,3473,0.670412,361
3475,3476,0.222686,368
3476,3477,0.998764,368
3477,3478,0.534447,368
3478,3479,0.357026,368
3479,3480,0.384183,368
348,349,0.424807,135
348,3505,0.505691,986
3481,3482,0.521795,368
3481,3553,0.908519,733
3481,3986,0.646531,794
3481,875,0.790569,976
3482,3483,0.385188,935
3483,517,0.661043,935
3485,3711,0.586272,520
3485,62,1.125320,371
3485,773,1.219178,583
3486,3487,0.194535,372
3487,3488,0.315694,372
3488,3489,0.658659,372
349,350,0.331710,135
3491,703,0.389193,374
3491,704,0.266921,374
3493,864,0.891131,385
3497,3498,0.413347,1045
3497,835,0.239114,1045
3498,3499,0.422395,1045
3499,3500,0.422297,1045
35,36,0.330562,859
35,3759,0.721252,1045
350,351,0.337683,135
3501,3551,0.463160,415
3502,3503,0.375185,379
3503,3504,0.299193,379
3506,3507,0.810470,1133
3507,3508,0.202456,1133
3508,3509,1.455881,1133
3509,3510,0.414334,1133
351,352,0.214270,135
3511,3512,0.539746,1135
3512,3513,0.607398,1135
3513,3514,0.387984,1135
3514,3515,0.432384,1135
3515,3516,1.308291,1135
3516,3517,1.020813,1135
3518,368,1.702183,1101
3519,3520,0.501145,385
352,353,0.606907,135
352,4296,0.705951,1266
3520,3956,0.203994,768
3520,856,0.476067,385
3521,3522,0.205196,385
3524,3871,0.685037,661
3525,495,0.536910,392
3527,3528,0.380632,778
3527,3972,0.818362,1190
3528,3529,1.742420,778
3529,3973,0.752910,778
353,354,0.560686,135
3531,3532,0.416706,787
3531,632,0.669068,804
3531,706,0.397510,885
3535,3558,0.733753,418
3535,4339,0.500183,989
3538,3539,0.761212,467
3538,3628,0.533576,467
3538,9,1.122316,406
354,355,0.374567,135
3547,3548,0.435953,494
3547,3661,0.091489,494
3548,3549,0.492148,494
355,356,0.754377,135
355,4334,0.673517,707
3550,494,0.670214,410
3551,3552,0.250623,564
3551,3588,0.184933,564
3552,3587,0.566635,1159
3552,3588,0.409398,786
3553,3943,0.798955,760
3554,3555,0.197403,798
3555,3556,0.839168,416
3555,3987,0.635077,798
3556,3557,0.254520,416
3557,4265,0.566753,1253
3558,3559,1.092186,593
3558,3790,0.485504,593
3558,4339,0.388700,989
356,357,0.595602,600
356,746,0.398575,600
3560,69,1.123193,419
3563,3564,1.289533,420
3564,951,0.651531,420
3565,3566,0.932810,422
3566,3898,0.325041,688
3566,930,1.355224,422
3567,48,0.350081,825
3568,915,0.544526,425
357,358,0.267152,600
3571,4309,0.799809,444
3573,821,0.293258,444
3574,3575,0.335290,865
3575,3576,1.037723,865
3576,3577,1.211957,865
3577,3578,0.701843,865
3578,3579,0.934418,865
3579,3580,0.479734,865
358,359,0.332512,600
358,439,1.657940,878
358,747,0.338267,135
3582,3583,0.752914,998
3582,3746,0.822604,998
3583,3584,0.607856,1118
3583,3585,1.093671,998
3583,3859,1.102182,939
3584,3585,0.493970,1118
3585,3859,0.008518,939
3585,511,1.357534,434
3585,637,1.458220,998
3586,3587,0.593505,564
3586,3736,0.511007,564
3587,3588,0.157699,564
359,360,0.616747,41
359,4084,1.324227,816
359,748,0.895279,600
3590,3591,0.408434,700
3590,4326,0.400191,547
3591,3592,0.692000,700
3591,4327,0.000000,547
3592,4327,0.692000,547
3593,577,0.913009,438
3593,765,0.464133,438
3594,3595,0.309984,810
3594,56,0.545993,810
3594,779,0.514953,1138
3595,3596,0.272352,810
3596,3597,0.619928,810
3597,3598,0.881499,441
3597,3768,0.678725,810
3598,3599,0.159501,441
3598,3768,0.203355,573
36,37,0.233194,859
360,747,0.611700,135
3600,3601,1.380955,454
3600,3610,0.411795,454
3604,3605,0.336436,844
3606,72,0.728996,451
3609,3610,0.514899,750
3609,595,0.273252,750
361,362,1.760189,14
3610,3934,0.345644,750
3613,779,0.413565,1138
3613,781,1.333065,459
3614,749,0.191782,1195
3614,787,1.369854,459
3616,961,0.313970,459
3620,3621,1.988330,1096
3621,3622,0.477135,1096
3622,3623,0.739800,1096
3625,3738,0.466485,964
3626,778,1.008751,464
3627,3628,0.523815,467
3627,9,1.045693,467
3629,3630,0.648902,469
3630,3631,0.560478,469
3631,3632,0.162936,1045
3631,3654,0.756639,1045
3632,935,0.391514,1045
3633,413,0.674034,471
3633,414,0.409671,1039
3633,416,0.446115,471
3634,3635,0.700693,473
3635,3636,0.238629,473
3637,3638,1.821329,779
3637,755,0.713383,666
3638,756,1.865584,947
3639,3640,0.616548,634
364,3829,0.465596,1239
3640,3641,0.709604,634
3641,3642,0.562205,634
3645,3728,0.464982,540
3645,792,0.401647,596
3646,3783,1.156399,581
3646,3808,1.357224,598
3647,544,0.378310,513
3647,545,0.238726,513
3647,546,0.414722,596
3649,3650,1.494848,616
3649,3816,0.537083,616
365,366,0.184664,888
365,368,1.131000,187
3650,3651,1.228074,616
3653,771,1.690730,583
3655,3656,0.238032,494
3656,3657,0.317328,494
3657,3658,0.230649,494
3658,3659,0.389897,494
3659,3660,0.315172,494
366,368,0.946385,888
3660,3661,0.261336,494
3665,3666,0.230545,498
3666,3667,0.400483,498
3667,3668,0.413197,498
3668,3669,0.444238,498
3670,990,0.499577,501
3670,992,0.284800,501
3671,641,0.744612,998
3671,643,0.359755,998
3672,3673,0.319513,766
3673,929,1.109514,766
3674,560,0.580144,512
3675,562,0.760334,512
3675,564,1.709293,512
3676,3677,0.546445,512
3676,564,1.057818,512
3677,567,1.175250,512
3678,568,0.499748,512
3679,684,0.621873,513
3679,685,0.261046,513
3680,385,0.525919,513
3680,387,0.510584,513
3680,535,0.315688,596
3680,536,0.459958,550
3682,3683,0.465655,515
3683,3684,0.748255,515
3684,3685,1.354686,515
3685,3686,0.523389,515
3687,3688,0.361132,954
3688,3689,0.773316,954
3689,3690,0.514894,954
369,370,0.620899,261
3690,3691,0.277948,954
3691,3692,0.393422,954
3692,3693,0.508822,954
3693,3694,1.007914,954
3694,3695,0.421158,954
3695,3696,0.743878,954
3696,3697,0.376862,954
3697,3698,0.390778,954
3698,3699,0.392897,954
3699,3700,0.687125,954
37,38,0.607965,859
370,371,1.678017,261
370,74,0.570396,1096
3700,3701,0.173795,954
3701,3702,0.894600,954
3702,3703,0.773123,954
3703,3704,0.392838,516
3703,4078,0.353362,954
3703,4079,0.464618,932
3704,3705,0.433898,516
3705,3706,0.591290,1111
3705,4197,0.412006,1111
3707,3708,1.747439,793
3708,3709,0.638037,793
3709,3710,0.343537,793
371,372,0.732083,261
3710,3906,0.483933,793
3711,62,0.548228,520
3712,3713,0.320917,522
3712,3930,0.325656,746
3713,3714,0.185872,522
3714,3715,0.327101,522
3715,3765,0.328167,569
3715,3931,0.014455,746
3716,569,1.397740,523
3718,3719,0.796927,538
3718,4064,0.389250,118
3719,3720,1.927254,538
3719,4286,1.685495,118
372,373,0.795501,261
3720,3721,0.658948,538
3721,3722,1.039389,588
3722,3723,0.814241,588
3724,804,0.470341,799
3725,3726,0.741537,539
3725,3980,0.277087,783
3726,3984,0.307408,783
3729,3730,0.341389,540
3729,3848,0.301951,628
373,374,0.411991,888
373,375,1.239829,261
3731,3732,0.747165,564
3732,3733,0.168018,564
3733,3734,0.401659,564
3734,3735,0.296267,564
3737,683,0.513973,649
3739,3740,0.704029,550
3739,4122,0.814695,937
3739,998,0.342716,550
374,375,0.827846,888
3740,3946,0.706385,762
3741,3742,0.677751,998
3741,849,0.675643,1237
3742,3743,0.378573,998
3744,3745,0.673673,939
3744,4123,0.281415,939
3745,3746,0.890485,998
375,376,0.759823,261
3757,3758,0.157540,1046
3757,981,0.588231,902
3758,408,0.284020,561
376,377,0.358076,261
3760,3761,0.412069,829
3760,739,0.203472,829
3761,739,0.573575,806
3762,3763,0.388303,840
3763,3764,0.586273,840
3765,3766,0.178524,1180
3765,3931,0.341429,1180
3766,3767,0.338562,569
3766,3932,0.345251,1180
3769,3770,0.729665,575
377,378,0.463794,261
377,916,0.392398,409
377,918,0.421747,409
3771,3772,0.390731,579
3774,519,0.295538,831
3775,3776,0.421638,581
3776,3777,0.450620,581
3777,3778,0.291015,581
3778,3779,0.589407,598
3779,3780,0.182886,598
378,4279,0.270078,1008
378,567,2.003570,910
378,568,0.605157,261
3780,3781,0.616908,581
3780,3806,0.666689,598
3781,3782,0.348292,581
3782,3783,0.488546,581
3782,3806,0.298113,598
3782,3808,0.284816,598
3785,3786,0.343749,1193
3785,3926,0.532272,1193
3786,3787,0.629405,1193
3787,3788,1.730310,1193
3789,3790,0.663299,593
379,380,0.234765,998
379,4062,0.590924,1013
3791,69,0.088316,595
3791,70,1.684661,595
3792,3793,0.367304,596
3792,547,0.169232,596
3793,3794,0.615560,596
3794,3795,0.250766,596
3796,3797,0.506423,696
3797,3798,0.471904,696
3798,3799,0.524878,696
3799,3800,0.344116,696
38,39,0.346227,859
3800,3801,0.413747,696
3801,3802,0.817337,696
381,382,0.370252,761
3811,473,0.369183,604
3811,474,0.390020,604
3814,3815,1.308065,942
3815,3816,1.131258,616
3815,753,1.535723,616
3817,3818,0.601216,610
3818,3819,0.249551,610
3818,3886,0.813993,1210
3819,3820,0.562398,610
382,383,0.175965,497
382,384,0.731302,1034
3820,3821,1.660529,610
3824,409,0.697462,612
3824,981,0.564697,612
3825,3826,0.436652,840
3826,3827,0.884635,840
3828,4017,0.707115,616
3828,403,0.210466,616
3828,988,0.673980,1264
383,384,0.556406,497
3830,3831,0.179999,837
3830,4051,0.731280,837
3830,980,0.301112,619
3831,407,0.575391,683
3838,3839,0.704371,624
3839,3840,0.612045,624
384,385,0.497513,497
3840,3841,0.210582,624
3840,3902,0.881665,750
3846,3847,0.631387,657
3846,824,0.100480,628
3847,3862,1.170106,657
3849,3850,0.690111,628
385,386,0.516450,761
385,687,1.128660,513
3850,827,0.958978,712
3851,3852,0.766544,633
3851,574,0.899025,877
3852,3853,0.508877,633
3853,3854,0.506623,633
3859,637,1.449962,650
386,387,0.532156,761
386,535,0.293352,19
386,536,0.471703,19
3861,39,0.322150,653
3862,3863,0.097138,653
3863,3864,0.462945,742
3864,3865,0.832405,742
3865,3866,0.614298,742
3868,63,1.057750,742
3868,65,0.379607,742
387,388,0.438495,761
3872,3873,1.458780,662
3873,4261,0.879114,1252
3876,3877,0.414212,879
3879,773,0.182169,664
388,389,0.561344,761
3880,760,0.614829,1039
3880,761,0.618481,1217
3880,765,2.691197,1217
3881,762,0.691801,1217
3882,3883,1.696019,676
3883,3884,0.566198,676
3884,3885,0.242327,676
3885,3886,0.791846,676
3886,705,0.116283,676
3887,531,0.534667,831
389,390,0.300877,761
3890,3891,0.430925,684
3891,3892,0.499037,684
3892,3893,0.696219,684
3892,4227,0.340142,1169
3896,3897,0.566990,688
3897,3898,0.438727,688
39,40,0.461428,859
390,391,0.271773,761
3900,3901,0.533663,695
3901,3902,0.273930,750
3908,3909,0.288519,706
3909,3910,0.478221,706
391,392,0.527529,761
391,544,0.308520,513
3910,3911,0.449984,706
3912,4232,0.737259,1169
3913,4206,0.378881,1132
3916,439,0.633824,724
3919,3920,0.519323,733
392,393,0.247778,615
392,542,0.589599,615
392,543,0.607373,352
3922,3923,0.229880,764
3923,3924,0.466811,764
3927,3928,0.541718,902
3927,988,0.276937,902
3928,3929,0.469314,902
3929,3930,0.410222,902
393,394,0.608198,615
393,542,0.835650,549
3930,3932,0.380683,902
3930,3933,0.652762,1264
3932,3933,0.272084,1180
3934,594,1.018702,1170
3936,3937,0.406170,759
3937,3938,0.499193,759
3939,3940,0.360664,1006
394,395,0.418733,615
3940,3941,0.372868,1006
3941,3942,0.798247,1006
3943,3944,0.328536,760
3944,522,0.273764,760
3946,542,0.674146,919
395,396,0.399578,615
3951,3952,0.433766,819
3952,3953,1.733886,819
3955,3956,0.210189,1251
3955,4260,0.374081,1251
3956,4246,0.496901,1251
3957,3958,0.637706,768
3957,859,0.320966,768
3958,3959,0.384840,768
3959,3960,0.181313,768
396,397,0.215422,615
3960,3961,0.455121,954
3960,4082,0.848876,954
3961,3962,0.405580,954
3962,867,0.244154,954
3967,3968,0.738608,778
3968,3969,0.246954,778
3969,3970,0.183264,778
397,398,0.283984,615
397,689,0.427898,660
3970,3971,0.882216,778
3971,3972,1.696601,778
3972,4234,1.933832,1190
3974,4187,0.252146,1079
3975,3976,0.428060,782
3975,687,0.318069,782
3976,3977,0.316377,782
3977,3978,0.486189,782
3978,3979,0.205445,782
398,399,0.542730,357
398,689,0.149513,25
3980,3981,0.342829,783
3981,3982,0.481620,783
3982,3983,0.460112,783
3983,3984,0.326096,783
3987,3988,0.671023,798
3988,505,0.376938,798
3989,3990,0.337940,799
399,400,0.582289,284
399,689,0.396174,660
399,690,0.499002,660
3990,3991,0.331380,799
3991,3992,0.097372,799
3992,3993,0.236197,799
3993,3994,0.277739,799
3994,3995,0.381728,799
3995,3996,0.709593,799
3996,3997,0.377356,799
3997,3998,0.287651,799
3998,3999,0.647315,799
3999,4000,0.667838,799
4,4291,0.156173,962
4,5,0.222503,631
40,41,0.253609,859
400,401,0.238777,284
400,689,0.964322,453
4005,4006,0.345495,808
4006,4007,0.857306,808
4007,4008,0.222622,808
4008,4009,0.515454,808
4009,4010,0.826054,808
4009,4130,0.355238,968
401,402,0.564576,660
401,690,0.322114,660
4010,4011,0.553956,808
4010,4130,0.471238,968
4011,586,0.805574,808
4012,4013,0.298658,809
4012,4218,0.313918,1141
4013,4014,0.476397,809
4014,4219,0.222714,1141
4015,4016,0.199606,616
4016,4017,0.381221,616
4017,987,0.814000,1075
4019,4020,0.435676,823
4019,513,1.013681,875
402,403,0.310792,284
402,4292,0.310792,124
4020,4021,0.323855,823
4021,4022,0.290749,823
4022,4023,0.423897,823
4023,4296,0.743202,823
4026,4027,0.387626,829
4028,4029,0.250355,1254
4029,4030,0.754857,1254
403,404,0.818240,284
403,985,0.369726,612
403,987,0.298910,612
4030,4031,0.350889,1254
4031,4032,0.243460,1254
4032,4033,0.381092,1254
4035,4036,0.634570,1222
4036,4037,0.381693,1222
4037,4038,0.323331,1222
4038,4039,0.205812,1222
4039,4040,0.595903,1222
404,405,0.322568,284
404,4292,0.818240,124
404,984,0.316773,541
404,985,0.448805,541
4040,4041,0.289214,1222
4041,4042,0.254004,1222
4042,851,0.356778,1222
4043,4044,0.673092,833
4043,4215,0.505228,1141
4044,4045,0.875673,833
4044,4118,0.429557,925
4045,4046,0.414560,833
4045,4119,0.300822,925
4046,4047,0.209951,833
4047,4048,0.255783,833
4049,4050,0.185268,837
4049,558,0.503882,837
405,406,0.399034,284
405,983,0.387264,612
405,985,0.743027,612
4050,4051,0.672835,837
4054,4055,0.853521,840
4054,4149,0.571863,1016
4054,4188,0.574043,1084
4055,4056,0.822763,840
4055,4188,0.399305,1084
406,407,0.869405,15
406,692,0.291515,284
406,982,0.332461,845
4060,4061,0.614555,857
4062,4063,0.723092,118
4062,486,0.639253,861
4063,4064,1.765035,118
4065,4066,0.429681,864
4066,4067,0.457554,864
4067,4068,0.403674,864
4068,4069,0.529355,864
4069,4070,0.326036,864
407,408,0.562932,284
407,692,0.580243,284
4070,4071,0.270917,864
4071,809,0.839093,864
4072,4073,0.440032,868
4073,4074,0.283981,868
4074,4075,0.333688,868
4075,4076,0.410547,868
4076,830,0.462393,868
4078,4079,0.257487,954
4079,4080,0.490058,932
4079,4081,0.855184,954
408,409,0.692300,359
408,692,1.143080,357
408,982,1.099984,845
4080,4081,0.372380,932
4081,4082,0.579390,954
4087,65,0.577549,879
4088,4089,0.526983,883
4089,4090,0.902995,883
409,410,0.557073,359
409,411,1.005026,357
409,978,0.563108,1261
409,980,0.705883,1261
4090,4091,0.380245,883
4091,4092,0.515541,883
4092,4093,0.232594,883
4093,4094,0.334410,883
4094,4095,0.435450,883
4095,4096,0.467873,883
4096,4097,0.292898,883
4097,4098,1.119212,883
4098,4099,1.163900,883
41,42,0.696398,859
410,411,0.448091,284
410,412,0.774689,357
410,414,1.693289,357
4101,4102,0.634903,894
4105,4106,0.836194,1016
4106,459,0.623178,1016
411,412,0.327043,284
4111,4112,0.583957,922
4112,4113,0.355662,922
4113,4114,0.476277,922
4114,4115,0.378303,922
4116,4249,0.378361,1242
4118,4119,0.304086,925
412,413,0.643718,269
412,414,0.918864,284
412,975,0.636384,651
4125,4126,0.343230,951
4125,733,0.425523,951
4126,4127,0.713956,951
413,414,0.275255,269
413,974,0.279992,1048
413,976,0.615430,1048
4132,792,0.516614,982
4133,4134,0.553347,999
4134,4135,0.921812,999
4136,4137,0.258300,999
4136,645,0.920967,999
4137,4138,0.267790,999
4138,4139,0.847366,999
4139,4140,0.259167,999
414,415,0.524014,284
414,975,0.283893,651
4140,4141,0.613334,999
4145,671,0.248660,1014
4145,790,0.594673,1014
4147,4148,0.797223,1016
4148,4149,0.400260,1016
415,416,0.330144,284
415,972,0.770402,1212
4151,821,0.452585,1018
4151,823,0.312177,1018
4152,4153,0.097433,1204
4153,4154,0.178296,1204
4154,4155,0.192324,1204
4156,892,0.566006,1031
4158,4159,0.732051,1037
416,417,0.343240,284
4161,4162,0.413864,1041
4162,4163,0.385140,1041
4163,4164,1.482563,1041
4164,4165,0.216681,1041
4165,4166,0.302255,1041
4166,4167,0.410841,1122
4166,4205,0.144214,1122
4167,4205,0.526296,1216
4168,4169,0.693727,1046
4169,4170,0.225625,1046
417,418,0.413891,284
417,419,1.228949,845
4171,4172,0.642220,1053
4172,4173,0.335630,1053
4173,4174,0.868922,1053
4174,4175,0.235484,1053
4175,4176,0.285311,1053
4177,4178,0.313034,1053
4178,4179,0.744047,1053
4179,4180,0.542630,1053
418,419,0.815289,284
4183,4184,0.349759,1079
4184,4185,0.616898,1079
4186,4246,0.478262,1222
4186,855,0.291884,1222
419,420,0.629102,269
419,89,0.581397,474
4194,4195,0.200151,1111
4195,466,0.943026,1111
4197,4246,0.258100,1222
4199,4200,0.586872,1122
42,43,0.480566,859
420,421,0.252427,269
4200,4201,0.698949,1122
4201,4202,0.316093,1122
4202,4203,0.204819,1122
4203,4204,0.445662,1122
4204,4205,0.176456,1122
4207,4208,0.534745,1133
4209,4210,0.517578,1135
421,422,0.681293,439
4211,4212,0.471768,1135
4213,4214,0.136124,1141
4215,4216,0.328697,1141
4216,4217,0.433360,1141
4217,4218,0.455300,1141
422,423,0.326302,269
4221,4222,1.275505,1145
4227,4228,0.382753,1169
4228,4229,0.485180,1169
4229,4230,0.322724,1169
423,424,0.790847,269
4230,4231,0.359600,1169
4232,4233,0.203770,1169
4235,4236,0.409779,1199
4236,4237,0.455360,1199
4237,4238,0.476395,1199
4238,4239,0.352827,1199
424,425,0.597530,269
4244,4245,0.243812,1215
4248,813,0.618351,1229
4248,816,0.353066,1229
425,426,0.322972,359
4252,4253,0.342420,1242
4256,451,0.291078,1248
4256,453,0.477045,1248
4257,840,0.782355,1251
4258,4259,0.331000,1251
4258,849,0.420612,1251
4259,4260,0.281588,1251
426,427,1.007804,359
4261,4262,0.551141,1252
4262,4263,0.214126,1252
4263,4264,0.353031,1252
4267,830,0.757319,560
4267,832,0.420600,560
4268,4269,1.329048,22
4268,593,0.435680,22
4269,4270,0.327355,22
427,428,0.436589,359
4270,4271,0.385507,22
4271,4272,0.588394,22
4272,602,0.368061,22
4273,4274,0.548118,237
4274,4275,0.295407,237
4275,4276,0.414845,237
4277,556,0.766841,204
4278,986,0.178262,45
428,429,1.347903,997
4283,47,0.637277,1008
4283,49,0.322198,86
4284,63,1.010032,86
4284,65,0.427756,86
4286,4287,0.896475,118
4287,4288,0.180865,118
4288,4289,0.253962,118
4289,4290,0.815564,118
429,430,0.657937,359
4293,720,0.257970,217
43,44,0.524296,859
43,672,0.550389,865
43,674,0.456190,865
430,431,0.548376,359
4302,4303,0.539426,1037
4302,654,0.223338,1037
4303,655,0.539426,973
4303,657,0.416921,1037
4304,894,0.466243,1062
4305,56,0.798675,372
4305,58,0.366865,372
431,432,1.140821,359
4310,4311,0.673236,444
4315,4316,0.421593,462
4317,652,0.674674,504
4317,654,0.286981,504
4319,4320,0.396492,1114
4319,601,0.625901,1114
432,433,0.285899,359
4320,4321,0.429773,1114
4321,4322,1.199125,1114
4323,522,0.856735,831
4323,523,0.000000,522
4323,524,0.663194,831
4324,456,0.896730,769
4324,458,0.221402,769
4325,900,0.166186,535
4328,829,0.085427,560
4329,833,0.606439,560
4329,835,0.267581,560
433,434,0.802073,359
4334,962,0.520723,707
4337,958,0.443000,969
4338,907,0.368967,1204
4338,909,0.305537,1204
434,435,0.425528,359
4341,622,0.525619,1105
4341,708,0.399223,1105
4343,656,0.450013,1132
4343,658,0.484265,1132
4346,535,0.353560,1224
435,436,0.650219,764
436,437,0.391715,15
437,438,0.683266,166
439,440,0.606171,715
44,45,0.362616,1
44,936,0.491798,479
440,441,0.356888,16
441,442,0.377874,16
442,443,1.062772,16
443,444,0.523845,147
444,445,0.403722,147
445,446,0.587354,147
446,447,0.870654,147
447,448,1.418407,147
449,450,0.514881,534
45,46,0.648828,1
45,670,0.708414,68
45,672,0.340572,68
45,673,0.826496,634
45,936,0.137571,906
450,451,0.346242,1151
451,452,0.206219,229
452,453,0.597464,229
453,454,0.774204,229
454,455,0.264398,229
455,456,0.582837,229
456,457,0.896730,1267
457,458,0.221402,256
457,459,0.919431,667
458,459,0.699178,256
458,460,0.823695,377
459,460,0.217327,256
46,47,0.444082,714
46,936,0.513608,882
460,461,0.223210,256
460,664,0.391919,770
461,462,0.410999,256
462,463,0.252269,256
463,464,0.208097,256
464,465,0.705683,256
465,466,0.314920,256
466,467,0.191818,256
467,468,0.484159,256
468,469,0.317094,256
469,470,0.916641,1267
47,48,0.637277,714
470,471,0.404894,1267
471,472,0.775803,1267
472,473,0.229654,1267
473,474,0.759201,1267
474,665,0.646718,1267
474,666,0.713572,377
475,476,0.370967,726
476,477,0.747268,1267
476,665,0.486364,1267
477,478,0.547672,954
478,479,0.641362,954
479,480,0.402204,954
48,49,0.322198,600
48,50,1.726835,371
48,668,0.277229,1067
48,750,0.451222,600
48,751,0.217144,1155
48,788,0.321033,30
48,818,0.450222,1155
480,481,0.456236,954
481,482,0.416583,954
482,483,0.515117,489
484,485,0.603052,516
485,486,0.587948,516
486,487,0.676482,516
488,489,0.371942,516
488,659,0.976078,1132
488,660,0.571743,1037
488,914,0.347509,1132
489,490,0.895290,516
489,491,1.401738,236
49,50,1.404903,600
490,491,0.506543,516
490,492,0.899670,396
491,492,0.393365,516
491,493,0.658115,46
492,493,0.265627,516
493,494,0.711701,392
493,569,0.741537,898
494,495,0.881616,392
495,496,0.589701,136
496,497,0.356539,1200
497,498,0.439285,1200
498,499,0.253061,1200
499,500,0.257282,1200
5,6,0.287137,631
50,51,0.155732,181
500,501,0.542850,1200
501,502,0.554085,1200
502,503,1.586030,143
503,504,0.467922,1200
504,505,0.490568,1200
505,506,0.512997,221
506,507,0.683479,221
507,508,0.498366,22
507,611,0.450091,22
508,509,0.261111,22
509,510,0.848165,18
509,612,0.288735,22
51,52,0.453081,181
510,511,0.195476,772
510,612,0.614812,772
510,613,0.436992,22
511,512,0.589560,1031
511,612,0.799900,1121
513,514,0.348071,584
513,830,0.707275,1221
514,515,0.301351,337
514,965,0.339947,97
515,516,0.555899,337
516,517,0.454664,337
517,518,0.146321,337
518,519,0.204054,337
519,520,0.378625,337
519,738,0.273216,596
52,53,0.624937,86
52,54,0.927301,600
520,521,0.806663,337
521,522,0.405678,70
522,523,0.856735,70
523,524,0.663194,70
524,525,0.591064,70
525,526,0.406698,70
526,527,0.753657,70
527,528,0.362122,70
528,529,0.827429,70
528,728,0.178554,319
529,530,0.723840,831
53,54,0.302365,86
53,55,0.831401,372
530,531,0.327935,831
531,532,0.721535,669
532,533,1.935047,19
533,534,0.408284,319
534,535,0.652121,319
536,537,0.198899,19
537,538,0.721840,19
538,539,0.267072,19
539,540,0.358240,19
54,55,0.532713,181
540,541,0.377738,19
541,542,0.627569,19
542,543,0.019106,494
543,544,0.215715,19
544,545,0.617030,19
544,997,0.433190,488
545,546,0.176195,19
545,547,0.604271,513
546,547,0.428322,19
547,548,0.643556,513
547,549,0.776537,683
548,549,0.133227,513
549,550,0.264491,513
55,56,0.316187,181
550,551,0.424684,513
551,552,0.638082,513
552,553,0.433947,513
553,554,0.205365,513
554,555,0.467107,513
555,556,0.252560,513
556,557,0.766841,513
557,558,0.494807,513
559,560,0.551774,345
56,57,0.798675,181
560,561,1.548659,261
561,562,1.029958,261
562,563,0.766432,261
563,564,1.704646,261
564,565,1.054863,261
565,566,0.554810,261
566,567,1.170038,261
567,568,1.399058,345
568,916,0.542169,1204
569,570,1.960237,898
57,58,0.366865,181
570,571,0.443815,898
571,572,0.148728,212
573,574,0.443922,277
574,575,0.082932,277
574,767,1.308156,68
575,576,1.280334,859
576,577,1.644958,406
577,578,0.876735,406
578,579,0.492703,859
578,765,0.457975,215
579,580,0.513326,859
579,933,0.526465,533
58,59,0.629312,600
580,581,0.581526,277
580,764,0.633640,962
580,934,0.418222,859
581,582,0.572764,467
581,934,0.185060,467
582,583,0.727666,467
583,584,0.560295,859
583,934,1.292942,859
584,585,0.337401,859
585,586,1.061449,859
587,588,0.257603,954
588,589,0.870557,954
589,590,0.435009,954
59,60,1.617079,86
590,591,0.406694,22
591,592,1.473808,22
592,593,1.185612,22
593,594,0.862668,442
594,595,0.469016,442
595,596,0.331868,442
596,597,0.545757,442
597,598,0.684808,442
598,604,0.682674,442
599,600,0.522422,1114
6,7,0.308618,631
60,61,0.912343,600
600,601,0.323959,1114
602,603,0.555123,22
603,604,0.262497,22
604,605,0.462010,22
605,606,0.422301,22
606,607,0.455881,22
607,608,0.217460,22
608,609,0.110588,22
609,610,0.648262,22
61,62,0.257032,371
610,611,0.401773,22
613,614,0.453102,987
613,636,0.654231,987
614,615,0.306182,987
615,616,0.367312,987
616,617,0.186332,987
617,618,0.672004,987
618,619,0.199857,22
619,620,0.262957,22
619,621,0.772895,892
619,896,0.984414,892
62,63,1.094984,882
620,621,0.513996,211
620,897,0.456353,211
621,622,0.488030,22
621,898,0.462426,211
622,623,0.261680,1105
623,624,0.541178,22
624,625,0.296108,22
625,626,0.386410,22
626,627,0.543664,22
626,628,0.718697,470
626,904,0.632562,648
627,628,0.367230,22
627,629,0.740908,948
628,629,0.379070,22
628,904,0.290159,898
629,630,0.498948,1132
629,904,0.669229,1132
63,64,1.010032,882
630,631,0.501310,1132
631,632,0.386496,1132
632,633,0.716816,1132
633,634,0.289209,1132
634,903,0.151321,211
634,905,0.717062,1132
634,906,1.012525,425
635,636,0.559920,714
636,637,0.199526,1151
636,638,0.821091,714
637,638,0.669130,998
638,639,0.386444,998
639,640,0.556532,998
64,65,0.427756,882
640,641,0.449976,998
641,642,0.748741,939
642,643,0.354484,939
643,644,0.536680,998
644,645,0.358458,998
645,646,0.218217,998
646,647,0.252756,998
647,648,0.306657,998
648,649,0.263304,998
649,650,0.672325,998
65,66,0.257418,86
65,773,0.436528,664
650,651,0.683996,998
651,652,0.506092,998
651,911,0.394320,1037
652,653,0.674674,998
653,654,0.286981,998
653,655,0.510298,1132
654,655,0.223338,998
655,656,0.539426,998
656,657,0.416921,998
657,658,0.517277,998
658,659,0.338082,998
659,660,0.404344,998
66,67,1.555513,86
661,662,0.435758,772
662,663,1.066240,24
665,666,0.268283,1077
666,667,0.249679,377
666,946,0.315207,54
668,749,0.339549,99
669,670,0.428163,1014
67,68,0.319432,879
67,770,0.171079,785
670,671,0.566846,1014
671,672,0.496103,602
671,789,0.487160,657
672,673,0.487137,68
673,674,0.640314,634
674,675,0.403828,634
674,676,0.635450,513
675,676,0.352133,1006
676,677,0.722333,649
677,678,0.252234,1045
678,679,0.377172,1045
679,680,0.228605,1045
679,681,0.530934,699
680,681,0.307070,649
681,682,0.530095,649
682,683,0.302710,649
683,684,0.452423,513
684,685,0.882515,357
685,686,0.625425,513
686,687,0.176083,513
689,990,0.397419,204
69,70,1.771550,419
69,71,1.526227,56
693,694,0.863315,374
694,695,0.445319,374
695,696,0.555171,374
696,697,0.548604,374
697,698,0.478473,374
698,699,0.505811,374
699,700,0.653670,374
7,8,0.308316,631
70,71,0.547012,419
700,701,0.394652,374
701,702,0.329283,374
702,703,0.545281,374
703,704,0.653300,116
704,705,0.441565,374
707,708,0.550771,1105
708,709,0.780932,27
709,710,0.629129,27
709,898,0.790701,836
71,72,0.753370,419
71,921,0.784297,1239
710,711,0.459556,995
710,712,0.681139,604
711,712,0.279549,995
712,713,0.293685,995
713,714,0.427772,995
715,716,0.629850,714
716,717,0.237607,714
717,718,0.193456,714
718,719,0.502793,27
719,720,0.781685,797
72,73,1.670207,1239
72,922,3.745512,945
720,721,0.257970,714
721,722,1.301061,714
722,723,0.584702,714
723,724,1.294159,53
724,725,0.441134,53
725,726,0.598184,53
726,727,0.257362,319
727,728,0.292443,319
728,729,0.253950,53
729,730,0.712857,483
73,74,0.545934,1239
73,922,2.595040,33
730,731,0.491736,483
731,732,0.495177,483
732,733,0.408304,483
733,734,0.456322,714
734,735,0.700998,714
735,736,0.434530,483
736,737,0.745322,483
737,738,0.255625,27
738,739,0.509292,27
739,740,0.502376,1045
74,75,1.957799,638
740,741,1.229995,27
741,742,0.293850,27
741,964,0.279766,1251
742,743,0.196596,600
743,744,0.321377,600
744,745,0.193575,600
745,746,0.341750,600
747,748,0.889498,1195
748,749,0.553710,600
749,750,0.196374,600
752,753,1.448263,28
753,754,0.830895,559
753,755,1.403191,984
754,755,0.572455,559
755,756,0.734444,771
756,757,0.832978,771
757,758,1.791513,321
758,759,1.041685,28
758,947,1.167812,321
759,760,0.846409,28
76,77,0.623033,59
760,761,1.233091,962
760,947,1.381200,631
761,762,0.434939,962
762,763,0.975788,962
763,764,0.571134,962
763,950,1.668339,36
764,765,0.765409,28
765,766,1.119514,68
766,767,1.479157,68
767,768,1.202762,536
768,769,0.459939,536
77,78,0.734632,59
770,771,1.383355,1257
771,772,0.277474,1257
772,773,0.433107,1257
773,774,1.027028,1257
774,775,0.374008,1257
775,776,0.546849,1257
776,777,0.252096,1257
777,778,0.888368,1257
779,780,0.517092,785
78,79,0.159560,59
780,781,0.402513,473
781,782,0.372734,785
782,783,0.501833,785
783,784,0.312089,785
783,785,0.901435,459
784,785,0.589398,785
784,817,0.261067,1229
785,786,0.449550,785
785,787,0.668785,459
786,787,0.234189,785
787,788,1.349862,1257
789,790,0.385220,657
79,80,0.646707,59
790,791,0.409142,1014
791,792,0.518477,1014
792,793,0.485679,1014
793,794,0.377024,1014
794,795,0.258905,1014
795,796,0.439460,1014
796,797,0.267917,1014
797,798,0.662986,1014
798,799,0.610686,1014
798,800,1.109458,209
799,800,0.499786,1014
8,9,0.980421,631
80,81,0.782771,59
800,801,0.897074,1014
801,802,0.370893,1014
802,803,0.602723,1014
803,804,0.336301,1014
805,806,0.455699,615
806,807,0.388195,615
807,808,0.589799,615
808,809,0.734607,1229
809,810,0.526650,1229
81,82,0.779759,1185
810,811,0.391467,1229
811,812,0.700902,1229
812,813,0.350552,1229
813,814,0.290550,440
814,815,0.431185,440
815,816,0.249696,440
816,817,0.423281,1229
818,819,0.504952,1155
818,956,0.481624,230
819,820,0.325681,30
819,821,0.821227,1155
819,956,0.027113,549
82,83,0.548475,1185
820,821,0.496510,1188
820,956,0.350211,230
821,822,0.450240,1155
822,823,0.314277,1155
823,824,0.430547,1188
824,825,0.458791,649
825,826,0.264957,649
826,827,0.457720,717
828,829,0.085427,31
829,830,0.692842,1221
829,964,0.281583,1221
83,84,1.256200,1185
830,831,0.757319,1045
830,965,0.722333,36
831,832,0.420600,1045
832,833,0.580330,1045
833,834,0.606439,1267
834,835,0.267581,1267
835,836,0.431471,1267
836,837,0.497287,1267
837,838,0.576713,833
838,839,0.561836,833
839,840,0.916752,1267
84,85,0.786168,1185
840,841,0.287679,1267
841,842,0.941433,1267
841,843,1.216916,1251
842,843,0.275483,1267
843,844,0.740297,1251
844,845,0.476873,1237
845,846,0.617856,1237
846,847,0.506147,1237
847,848,0.367347,1237
848,849,0.419958,1237
849,850,0.367371,31
85,86,1.033566,1185
85,87,1.506799,199
850,851,0.443758,31
851,852,0.681960,31
852,853,0.172582,31
853,854,0.496461,1222
854,855,0.547624,1222
855,856,0.199533,31
856,857,0.385378,385
857,858,0.401162,385
858,859,0.275569,385
859,860,0.403693,385
86,87,0.514525,1185
860,861,0.254839,385
861,862,0.558585,385
862,863,0.313607,385
863,864,0.372994,385
864,865,0.674741,31
865,866,0.269905,229
866,867,1.055762,31
867,868,0.115104,954
868,869,0.602930,954
869,870,0.456380,954
87,88,0.776094,1185
870,871,0.433497,954
871,872,0.525042,954
873,874,0.117050,733
874,875,0.250410,733
875,876,0.630260,849
876,877,0.226583,849
877,878,1.223754,849
878,879,0.392620,849
879,880,0.622961,849
88,89,0.497226,1185
880,881,0.681576,849
881,882,0.305173,849
882,883,0.514033,849
883,884,0.898614,787
884,885,0.494197,787
885,886,0.796668,787
886,887,1.202908,787
887,888,0.668217,787
888,889,0.698014,836
889,890,0.396493,836
89,90,0.334306,1185
890,891,1.011635,772
891,892,0.822650,772
892,893,0.443546,916
893,894,0.425123,916
894,895,0.221853,892
895,896,0.529783,892
896,897,0.453094,211
898,899,0.522341,836
899,900,0.289911,836
90,91,1.288779,1212
900,901,0.390445,787
901,902,0.404395,787
902,903,0.386922,787
905,906,0.297004,1132
906,907,0.509805,1132
907,908,0.532817,1037
907,909,0.674487,1132
908,909,0.141710,1037
909,910,0.513255,1132
91,92,0.444160,1185
91,96,1.718675,735
910,911,0.605958,1037
914,915,0.571337,1132
915,916,0.257412,1132
918,919,0.825873,1239
919,920,0.683780,234
919,921,1.116187,1239
92,93,0.289125,1185
920,921,0.432764,234
922,923,0.348644,938
924,925,1.138627,34
925,926,0.662455,34
926,927,0.384997,34
927,928,0.347445,533
928,929,0.564385,533
929,930,0.509922,533
93,94,1.064735,1185
930,931,0.638948,533
931,932,0.673412,533
932,933,2.105120,533
937,938,0.476467,135
937,939,0.786915,324
938,939,0.364820,35
939,940,0.524245,141
94,95,1.117147,1185
940,941,0.417017,141
941,942,0.636984,141
942,943,0.344491,141
943,944,0.326372,128
944,945,0.594772,128
945,946,0.374714,54
947,948,0.222728,631
948,949,0.515228,631
949,950,1.196080,36
95,96,1.760499,1185
951,952,0.592644,467
952,953,0.559326,467
953,954,0.329843,467
954,955,0.987109,467
957,958,0.776922,256
958,959,0.559113,256
959,960,0.710882,211
96,97,1.502490,1212
960,961,0.318256,1221
961,962,0.520723,459
962,963,0.202223,459
962,964,0.380340,281
963,964,0.247949,1221
966,967,0.575351,541
967,968,0.710813,984
968,969,0.556363,1212
969,970,0.397957,1212
97,98,0.669833,1212
970,971,0.404313,1212
971,972,0.960765,1212
972,973,0.796817,360
973,974,0.451755,822
974,975,0.288141,355
974,976,0.895385,822
975,976,0.607692,355
976,977,0.351483,822
977,978,0.446710,822
978,979,0.524448,822
979,980,0.746253,822
98,99,0.654289,1212
980,981,0.558166,822
981,982,0.530634,822
981,983,0.873332,167
982,983,0.343710,822
983,984,0.400336,822
984,985,0.733558,822
985,986,0.424020,822
986,987,0.241666,822
986,988,0.803658,1048
987,988,0.562087,822
988,989,0.320695,822
989,990,0.511009,822
990,991,0.523393,822
991,992,0.253064,148
992,993,0.229357,148
993,994,0.516158,148
994,995,0.327767,148
995,996,0.570055,148
996,997,0.275598,148
997,998,0.977497,148
998,999,0.391343,148
